news,word_sequence,tfidf_vector
网易体育6月15日报道：,网易/体育/6/月/15/日/报道/：,0.0#0.0#0.0#0.0#0.0#0.0#0.0#0.0#0.0#0.0#0.0#0.0#0.0#0.0#0.0#0.28131963041#0.0#0.0#0.0#0.0#0.0#0.0#0.0#0.0#0.0#0.0#0.0#0.0#0.0#0.0#0.0#0.0#0.0#0.0#0.0#0.0#0.0#0.0#0.0#0.0#0.0#0.252612264038#0.0#0.0#0.0#0.0#0.0#0.0#0.0#0.0#0.0#0.0#0.0#0.0#0.0#0.0#0.0#0.0#0.0#0.0#0.0#0.0#0.0#0.0#0.0#0.0#0.0#0.0#0.0#0.0#0.0#0.0#0.0#0.0#0.0#0.0#0.0#0.0#0.0#0.0#0.0#0.0#0.0#0.0#0.0#0.0#0.390948517617#0.0#0.0#0.0#0.0#0.0#0.0#0.0#0.0#0.0#0.0#0.0#0.0#0.0#0.0#0.0#0.0#0.0#0.0#0.0#0.0#0.0#0.0#0.0#0.0#0.0#0.0#0.0#0.0#0.0#0.0#0.0#0.0#0.0#0.0#0.0#0.0#0.0#0.0#0.0#0.0#0.0#0.0#0.0#0.0#0.0#0.0#0.0#0.0#0.0#0.0#0.0#0.0#0.0#0.0#0.0#0.0#0.0#0.0#0.0#0.0#0.0#0.0#0.0#0.0#0.0#0.0#0.0#0.0#0.0#0.0#0.0#0.0#0.0#0.0#0.0#0.0#0.0#0.0#0.0#0.0#0.0#0.0#0.0#0.0#0.0#0.0#0.0#0.0#0.0#0.0#0.0#0.0#0.0#0.0#0.0#0.0#0.0#0.0#0.0#0.390948517617#0.0#0.0#0.0#0.0#0.0#0.0#0.0#0.0#0.0#0.3504877572#0.0#0.0#0.0#0.0#0.0#0.0#0.0#0.0#0.3504877572#0.0#0.0#0.0#0.0#0.0#0.0#0.0#0.0#0.0#0.0#0.0#0.0#0.0#0.0#0.0#0.0#0.0#0.0#0.0#0.0#0.0#0.0#0.0#0.0#0.0#0.0#0.0#0.0#0.0#0.0#0.0#0.0#0.0#0.0#0.0#0.0#0.0#0.0#0.0#0.0#0.0#0.0#0.0#0.0#0.0#0.0#0.390948517617#0.0#0.0#0.0#0.0#0.0#0.0#0.0#0.0#0.0#0.0#0.0#0.0#0.0#0.0#0.0#0.0#0.0#0.0#0.0#0.0#0.0#0.0#0.0#0.0#0.0#0.0#0.0#0.0#0.0#0.0#0.0#0.0#0.0#0.0#0.0#0.0#0.0#0.0#0.0#0.0#0.0#0.0#0.0#0.0#0.0#0.0#0.390948517617#0.0
北京时间6月15日凌晨3点(欧洲中部时间14日晚间21点)，2016年欧洲杯小组赛F组一场焦点战在圣埃蒂安的吉夏尔球场展开争夺，葡萄牙国家队对阵冰岛国家队,北京/时间/6/月/15/日/凌晨/3/点/(/欧洲/中部/时间/14/日/晚间/21/点/)/，/2016/年/欧洲杯/小组赛/F/组/一场/焦点/战在/圣埃蒂安/的/吉夏尔/球场/展开/争夺/，/葡萄牙/国家队/对阵/冰岛/国家队,0.0#0.0987877594899#0.0905746994006#0.0#0.0#0.0#0.0#0.0#0.0#0.0#0.0#0.0#0.0#0.0#0.143751817251#0.115382655368#0.0#0.0#0.0#0.0#0.0#0.0#0.0#0.160346713129#0.131977551246#0.0#0.0#0.0#0.0#0.115382655368#0.0#0.0#0.0#0.0#0.0#0.0#0.0#0.0#0.0#0.0#0.0#0.103608389364#0.0#0.0#0.0#0.0#0.0#0.0#0.0#0.0#0.0#0.0#0.0#0.0#0.0#0.0#0.0#0.0#0.160346713129#0.0#0.0#0.0#0.0#0.160346713129#0.0#0.0#0.0#0.0#0.0#0.0#0.0#0.0#0.0#0.0#0.160346713129#0.0#0.0#0.0#0.160346713129#0.0#0.0#0.0#0.0#0.0#0.0#0.0#0.0#0.0#0.0#0.0#0.0#0.0#0.0#0.0#0.0#0.0#0.0944755591253#0.0#0.160346713129#0.0#0.0#0.0#0.0#0.0#0.0#0.0#0.0#0.160346713129#0.0#0.0#0.0#0.0#0.0#0.0#0.0#0.0#0.0#0.0#0.0#0.0#0.160346713129#0.0#0.0#0.0#0.0#0.0#0.0#0.0#0.0#0.263955102493#0.0#0.160346713129#0.0#0.0#0.0#0.0#0.0#0.0#0.0#0.0#0.0#0.0#0.0#0.0#0.0#0.0#0.160346713129#0.0#0.0#0.0#0.0#0.160346713129#0.160346713129#0.0#0.0#0.0#0.0#0.0#0.0#0.0#0.143751817251#0.0#0.0#0.0#0.0#0.0#0.0#0.0#0.0#0.0#0.0#0.0#0.0#0.0#0.0#0.0#0.160346713129#0.0#0.0#0.0#0.0#0.0#0.0#0.0#0.0#0.0#0.0#0.0#0.0#0.0#0.0#0.0#0.0#0.0#0.0#0.0#0.287503634501#0.320693426258#0.0#0.0#0.160346713129#0.0#0.0#0.0#0.0#0.143751817251#0.0#0.0#0.0#0.0#0.0#0.0#0.0#0.0#0.0#0.160346713129#0.115382655368#0.0#0.0#0.0#0.0#0.0#0.0#0.0#0.0#0.0#0.320693426258#0.160346713129#0.0#0.0#0.0#0.160346713129#0.0#0.0#0.0#0.0#0.0#0.0944755591253#0.0#0.0#0.0#0.0#0.0#0.0#0.0#0.0#0.0#0.0#0.0#0.143751817251#0.0#0.0#0.0#0.0#0.0#0.0#0.0#0.0#0.0#0.0#0.0778806632471#0.0#0.0#0.0#0.0#0.0#0.0#0.0#0.0#0.0#0.0#0.0#0.0#0.0#0.0#0.0#0.0#0.0#0.0#0.0#0.0#0.0#0.0#0.0#0.0#0.0#0.0#0.0#0.0#0.0#0.0#0.0#0.0#0.0#0.0#0.0#0.0#0.0#0.110736679456#0.0#0.0
上半场戈麦斯助攻纳尼破门，葡萄牙1-0领先；下半场比亚尔纳松打进冰岛足球史上首个大赛入球，最终两队1-1握手言和,上半场/戈麦斯/助攻/纳尼/破门/，/葡萄牙/1/-/0/领先/；/下半场/比亚尔纳松/打/进/冰岛/足球/史上/首个/大赛/入球/，/最终/两队/1/-/1/握手言和,0.0#0.0#0.0#0.0#0.186663948626#0.0#0.180596631877#0.405540255885#0.0#0.0#0.0#0.0#0.0#0.0#0.0#0.0#0.0#0.0#0.0#0.0#0.0#0.0#0.0#0.0#0.0#0.0#0.0#0.0#0.0#0.0#0.0#0.0#0.0#0.0#0.0#0.0#0.0#0.0#0.0#0.0#0.0#0.0#0.0#0.0#0.0#0.0#0.0#0.0#0.0#0.0#0.0#0.0#0.0#0.0#0.0#0.0#0.0#0.0#0.0#0.0#0.0#0.0#0.0#0.0#0.0#0.196708408184#0.196708408184#0.0#0.0#0.0#0.0#0.196708408184#0.0#0.0#0.0#0.0#0.0#0.0#0.0#0.0#0.0#0.0#0.0#0.0#0.0#0.0#0.0#0.0#0.0#0.0#0.219416681474#0.0#0.0#0.0#0.0#0.0#0.129279317669#0.0#0.0#0.0#0.0#0.0#0.0#0.0#0.0#0.219416681474#0.0#0.0#0.0#0.0#0.0#0.0#0.0#0.0#0.0#0.180596631877#0.0#0.0#0.0#0.0#0.0#0.0#0.0#0.0#0.0#0.0#0.0#0.0#0.0#0.0#0.0#0.0#0.0#0.0#0.0#0.0#0.0#0.0#0.196708408184#0.0#0.0#0.0#0.0#0.0#0.0#0.0#0.0#0.0#0.0#0.0#0.0#0.0#0.0#0.0#0.0#0.0#0.0#0.0#0.0#0.0#0.0#0.0#0.0#0.0#0.0#0.0#0.0#0.0#0.0#0.0#0.0#0.0#0.0#0.157888358586#0.0#0.0#0.0#0.0#0.0#0.0#0.168099367266#0.0#0.0#0.0#0.0#0.0#0.0#0.0#0.0#0.0#0.0#0.0#0.219416681474#0.0#0.0#0.0#0.0#0.0#0.0#0.0#0.0#0.0#0.0#0.0#0.219416681474#0.0#0.0#0.0#0.0#0.0#0.0#0.0#0.0#0.0#0.0#0.0#0.0#0.0#0.0#0.168099367266#0.0#0.0#0.0#0.0#0.0#0.0#0.0#0.0#0.0#0.0#0.0#0.0#0.0#0.0#0.0#0.0#0.0#0.0#0.219416681474#0.0#0.0#0.0#0.0#0.0#0.0#0.0#0.141776582279#0.0#0.0#0.0#0.0#0.0#0.0#0.0#0.0#0.0#0.0#0.0#0.0#0.0#0.106571044378#0.0#0.0#0.0#0.0#0.0#0.0#0.0#0.0#0.0#0.0#0.0#0.0#0.196708408184#0.0#0.0#0.0#0.0#0.0#0.196708408184#0.0#0.0#0.0#0.0#0.0#0.0#0.0#0.0#0.0#0.0#0.0#0.180596631877#0.196708408184#0.0#0.0#0.0#0.0#0.0#0.151530856166#0.0#0.196708408184
两支球队在国际A级赛事历史上只有2次交锋，葡萄牙2战全胜，进8球失4球,两支/球队/在/国际/A/级/赛事/历史/上/只有/2/次/交锋/，/葡萄牙/2/战全胜/，/进/8/球失/4/球,0.0#0.0#0.0#0.0#0.0#0.0#0.0#0.0#0.0#0.0#0.0#0.0#0.0#0.0#0.0#0.0#0.0#0.0#0.0#0.0#0.376002346783#0.0#0.0#0.0#0.0#0.0#0.0#0.0#0.0#0.0#0.0#0.0#0.0#0.0#0.228412862134#0.0#0.0#0.0#0.0#0.0#0.0#0.0#0.0#0.0#0.0#0.0#0.0#0.188001173391#0.0#0.0#0.0#0.0#0.0#0.0#0.0#0.0#0.228412862134#0.0#0.0#0.0#0.0#0.0#0.0#0.0#0.164361850886#0.0#0.0#0.0#0.0#0.0#0.228412862134#0.0#0.0#0.0#0.0#0.0#0.0#0.0#0.0#0.228412862134#0.0#0.0#0.0#0.0#0.0#0.0#0.0#0.0#0.0#0.0#0.0#0.0#0.0#0.0#0.0#0.0#0.0#0.0#0.0#0.0#0.0#0.0#0.0#0.0#0.0#0.0#0.0#0.0#0.0#0.0#0.188001173391#0.0#0.0#0.228412862134#0.0#0.0#0.0#0.0#0.0#0.0#0.0#0.0#0.0#0.0#0.0#0.0#0.0#0.0#0.0#0.0#0.228412862134#0.0#0.174991515423#0.0#0.0#0.0#0.0#0.0#0.0#0.0#0.0#0.0#0.0#0.0#0.0#0.0#0.0#0.0#0.0#0.0#0.0#0.0#0.0#0.0#0.0#0.0#0.0#0.0#0.0#0.0#0.0#0.0#0.0#0.0#0.0#0.0#0.0#0.0#0.0#0.0#0.0#0.0#0.0#0.0#0.0#0.228412862134#0.0#0.0#0.0#0.0#0.0#0.0#0.0#0.0#0.0#0.0#0.0#0.0#0.0#0.0#0.0#0.0#0.0#0.0#0.0#0.0#0.0#0.0#0.0#0.0#0.0#0.0#0.0#0.0#0.0#0.0#0.0#0.0#0.0#0.0#0.0#0.0#0.0#0.188001173391#0.0#0.0#0.0#0.0#0.0#0.0#0.0#0.0#0.0#0.0#0.0#0.0#0.0#0.0#0.0#0.204773539629#0.0#0.0#0.228412862134#0.0#0.0#0.228412862134#0.0#0.0#0.0#0.0#0.0#0.0#0.0#0.0#0.0#0.228412862134#0.0#0.0#0.0#0.0#0.0#0.0#0.0#0.0#0.0#0.0#0.0#0.0#0.0#0.0#0.110940504174#0.0#0.0#0.0#0.0#0.0#0.0#0.0#0.0#0.0#0.228412862134#0.0#0.0#0.0#0.0#0.0#0.0#0.0#0.0#0.204773539629#0.0#0.0#0.0#0.0#0.0#0.0#0.0#0.0#0.0#0.0#0.0#0.0#0.0#0.0#0.0#0.0#0.0#0.0#0.157743688064#0.0#0.0
2012年欧洲杯预选赛两队同在H组，葡萄牙主场5-3、客场3-1双杀冰岛,2012/年/欧洲杯/预选赛/两队/同/在/H/组/，/葡萄牙/主场/5/-/3/、/客场/3/-/1/双杀/冰岛,0.0#0.0#0.0#0.0#0.215557447212#0.0#0.0#0.156104455706#0.0#0.0#0.0#0.0#0.0#0.0#0.0#0.0#0.0#0.0#0.0#0.0#0.0#0.0#0.253379938025#0.0#0.0#0.0#0.0#0.0#0.0#0.364655433166#0.0#0.0#0.0#0.0#0.0#0.0#0.0#0.0#0.227156677148#0.0#0.0#0.0#0.0#0.0#0.0#0.0#0.0#0.0#0.0#0.0#0.0#0.0#0.0#0.0#0.0#0.0#0.0#0.0#0.0#0.253379938025#0.0#0.0#0.156104455706#0.0#0.0#0.0#0.0#0.0#0.0#0.0#0.0#0.227156677148#0.0#0.0#0.0#0.253379938025#0.0#0.0#0.0#0.0#0.0#0.0#0.0#0.0#0.0#0.0#0.0#0.0#0.0#0.0#0.0#0.0#0.0#0.0#0.0#0.0#0.149290315024#0.0#0.0#0.0#0.0#0.0#0.0#0.0#0.0#0.0#0.0#0.0#0.0#0.0#0.0#0.0#0.253379938025#0.0#0.0#0.0#0.0#0.0#0.0#0.0#0.0#0.0#0.253379938025#0.0#0.0#0.0#0.0#0.0#0.0#0.0#0.0#0.0#0.194119275589#0.0#0.0#0.0#0.0#0.0#0.0#0.0#0.0#0.0#0.0#0.0#0.0#0.253379938025#0.0#0.0#0.0#0.0#0.0#0.0#0.0#0.0#0.0#0.0#0.0#0.0#0.0#0.0#0.227156677148#0.0#0.0#0.0#0.0#0.0#0.0#0.0#0.0#0.0#0.0#0.0#0.0#0.0#0.0#0.0#0.0#0.0#0.0#0.0#0.0#0.0#0.0#0.0#0.0#0.0#0.0#0.0#0.0#0.0#0.0#0.0#0.0#0.0#0.0#0.0#0.0#0.0#0.0#0.0#0.0#0.0#0.0#0.0#0.0#0.0#0.0#0.0#0.0#0.0#0.0#0.0#0.0#0.0#0.0#0.0#0.182327716583#0.0#0.0#0.0#0.0#0.0#0.0#0.0#0.0#0.0#0.0#0.0#0.0#0.0#0.0#0.0#0.0#0.0#0.0#0.0#0.0#0.0#0.0#0.0#0.0#0.0#0.0#0.0#0.0#0.0#0.0#0.0#0.0#0.227156677148#0.0#0.0#0.0#0.0#0.0#0.0#0.0#0.0#0.0#0.0#0.123067054147#0.0#0.0#0.0#0.0#0.0#0.0#0.0#0.0#0.0#0.0#0.0#0.0#0.0#0.0#0.0#0.0#0.0#0.0#0.0#0.0#0.0#0.0#0.0#0.0#0.0#0.0#0.0#0.0#0.0#0.253379938025#0.0#0.0#0.0#0.0#0.0#0.0#0.0#0.0874930718263#0.0#0.0
本场比赛是冰岛的欧洲杯正赛首秀；C罗第127次代表葡萄牙出场，追平菲戈并列国家队出场王，38岁又27天的老中卫卡瓦略，成为马特乌斯、奥尔森之后，欧洲杯历史上年龄第3张的非门将首发球员,本场/比赛/是/冰岛/的/欧洲杯/正赛/首秀/；/C罗/第/127/次/代表/葡萄牙/出场/，/追平/菲戈/并列/国家队/出场/王/，/38/岁/又/27/天/的/老/中卫/卡瓦略/，/成为/马特乌斯/、/奥尔森/之后/，/欧洲杯/历史/上/年龄/第/3/张/的/非/门将/首发/球员,0.0#0.0#0.0#0.0#0.0#0.0#0.0#0.0#0.0#0.0#0.0#0.153309432092#0.0#0.0#0.0#0.0#0.0#0.0#0.0#0.0#0.0#0.0#0.0#0.0#0.0#0.0#0.0#0.0#0.153309432092#0.110318752549#0.0#0.0#0.0#0.153309432092#0.0#0.0#0.0#0.0#0.0#0.0#0.0#0.0#0.0#0.0#0.0#0.0#0.0#0.0#0.0#0.0#0.0#0.0#0.0#0.0#0.0#0.0#0.0#0.0903292249242#0.0#0.0#0.0#0.0#0.0944521718562#0.0#0.110318752549#0.0#0.0#0.0#0.0#0.0#0.0#0.0#0.0#0.153309432092#0.0#0.0#0.137442851399#0.0#0.0#0.0#0.0#0.153309432092#0.0#0.0#0.0#0.0#0.0#0.0#0.0#0.0#0.0#0.0#0.0#0.0#0.0#0.0#0.0903292249242#0.0#0.0#0.0#0.234906647548#0.0#0.0#0.0#0.0#0.0#0.0#0.0#0.0#0.137442851399#0.126185333242#0.117453323774#0.0#0.0#0.0#0.0#0.0#0.0#0.0#0.0#0.0#0.0#0.0#0.0#0.0#0.0#0.0#0.0#0.0#0.126185333242#0.0#0.0#0.0#0.0#0.0#0.0#0.0#0.0#0.0#0.126185333242#0.0#0.0#0.153309432092#0.0#0.0#0.0#0.0#0.0#0.0#0.0#0.0#0.0#0.0#0.126185333242#0.0#0.0#0.0#0.0#0.0#0.0#0.0#0.0#0.153309432092#0.153309432092#0.0#0.0#0.0#0.153309432092#0.0#0.0#0.0#0.0#0.0#0.0#0.126185333242#0.0#0.0#0.0#0.0#0.0#0.0#0.0#0.0#0.0#0.0#0.0#0.0#0.0#0.0#0.0#0.0#0.0#0.0#0.0#0.0#0.0#0.0#0.0#0.0#0.153309432092#0.0#0.0#0.0#0.0#0.0#0.0#0.0#0.153309432092#0.0#0.0#0.0#0.0#0.0#0.126185333242#0.0#0.0#0.220637505098#0.0#0.153309432092#0.0#0.0#0.137442851399#0.0#0.0#0.0#0.0#0.0#0.0#0.153309432092#0.0#0.126185333242#0.0#0.0#0.0#0.0#0.0#0.0#0.270987674772#0.0#0.0#0.0#0.0#0.0#0.0695647847909#0.0#0.0#0.0#0.0#0.0#0.0#0.0#0.0#0.0#0.0#0.153309432092#0.153309432092#0.0#0.0#0.0#0.153309432092#0.0744626442312#0.0#0.0#0.0#0.0#0.0#0.0#0.0#0.0#0.0#0.0#0.0#0.0#0.0#0.0#0.0#0.0#0.0#0.0#0.0#0.0#0.153309432092#0.0#0.0#0.0#0.0#0.153309432092#0.0#0.0#0.153309432092#0.0#0.0#0.0#0.153309432092#0.153309432092#0.153309432092#0.0#0.0#0.211753357558#0.0#0.137442851399
开场仅3分钟，西于尔兹松突入禁区左肋13米处劲射被帕特里西奥扑出，斯旺西球星的补射又被扑出,开场仅/3/分钟/，/西于尔兹松/突入/禁区/左肋/13/米处/劲射/被/帕特里西奥/扑/出/，/斯旺西/球星/的/补射/又/被/扑/出,0.0#0.0#0.0#0.0#0.0#0.0#0.0#0.0#0.0#0.0#0.0#0.0#0.0#0.202686904546#0.0#0.0#0.0#0.0#0.0#0.0#0.0#0.0#0.0#0.0#0.0#0.0#0.0#0.0#0.0#0.162687009473#0.0#0.0#0.0#0.0#0.0#0.0#0.0#0.0#0.0#0.0#0.0#0.0#0.0#0.0#0.0#0.0#0.0#0.0#0.0#0.0#0.0#0.0#0.0#0.0#0.0#0.0#0.0#0.0#0.0#0.0#0.0#0.0#0.0#0.0#0.0#0.0#0.0#0.0#0.0#0.0#0.0#0.0#0.0#0.0#0.0#0.0#0.0#0.0#0.0#0.0#0.0#0.0#0.0#0.0#0.0#0.0#0.0#0.0#0.0#0.0#0.0#0.0#0.0#0.0#0.0#0.0#0.0#0.0#0.0#0.346416716214#0.0#0.0#0.106085657978#0.0#0.0#0.0#0.173208358107#0.0#0.0#0.0#0.0#0.173208358107#0.0#0.0#0.0#0.0#0.0#0.0#0.0#0.0#0.0#0.0#0.0#0.0#0.0#0.0#0.0#0.0#0.0#0.0#0.0#0.0#0.0#0.0#0.0#0.0#0.0#0.0#0.0#0.0#0.0#0.0#0.0#0.0#0.0#0.0#0.0#0.0#0.0#0.0#0.0#0.0#0.0#0.0#0.0#0.226085343196#0.0#0.0#0.202686904546#0.0#0.0#0.0#0.0#0.0#0.0#0.0#0.226085343196#0.0#0.0#0.0#0.0#0.0#0.0#0.0#0.0#0.0#0.0#0.0#0.0#0.372170896247#0.0#0.0#0.0#0.0#0.0#0.0#0.0#0.0#0.0#0.0#0.0#0.0#0.0#0.0#0.0#0.226085343196#0.0#0.0#0.0#0.0#0.0#0.0#0.0#0.0#0.0#0.0#0.0#0.0#0.0#0.0#0.0#0.0#0.0#0.0#0.0#0.0#0.0#0.0#0.0#0.0#0.0#0.0#0.0#0.0#0.0#0.0#0.0#0.0#0.0#0.0#0.0#0.0#0.0#0.0#0.226085343196#0.0#0.0#0.133208463034#0.0#0.162687009473#0.0#0.0#0.226085343196#0.0#0.146085553051#0.0#0.0#0.0#0.0#0.0#0.0#0.0#0.0#0.0#0.0#0.0#0.0#0.0#0.0#0.0#0.0#0.226085343196#0.372170896247#0.162687009473#0.0#0.0#0.0#0.0#0.0#0.0#0.0#0.0#0.0#0.0#0.0#0.0#0.0#0.0#0.0#0.0#0.0#0.0#0.0#0.0#0.0#0.0#0.0#0.0#0.0#0.0#0.0#0.0#0.0#0.0#0.0#0.0#0.0#0.0#0.156136285495#0.0#0.0
第6分钟，穆蒂尼奥开出左侧角球，格雷罗乱战中的头球抢点打在后卫身上稍稍偏出,第/6/分钟/，/穆蒂尼奥/开出/左侧/角球/，/格雷罗/乱战/中/的/头球/抢点/打/在/后卫/身上/稍稍/偏出,0.0#0.0#0.0#0.0#0.0#0.0#0.0#0.0#0.0#0.0#0.0#0.0#0.0#0.0#0.0#0.0#0.0#0.0#0.0#0.0#0.0#0.0#0.0#0.0#0.0#0.0#0.0#0.0#0.0#0.0#0.0#0.0#0.0#0.0#0.0#0.0#0.0#0.0#0.0#0.0#0.0#0.174184659449#0.0#0.0#0.0#0.0#0.0#0.0#0.0#0.0#0.0#0.0#0.0#0.0#0.0#0.0#0.0#0.0#0.0#0.0#0.0#0.0#0.0#0.0#0.0#0.0#0.0#0.0#0.0#0.0#0.0#0.0#0.221878411198#0.0#0.0#0.0#0.0#0.269572162946#0.0#0.0#0.0#0.0#0.0#0.0#0.0#0.0#0.0#0.0#0.206524452559#0.0#0.0#0.0#0.0#0.0#0.0#0.0#0.0#0.0#0.0#0.0#0.0#0.0#0.126490907701#0.0#0.0#0.0#0.0#0.0#0.0#0.0#0.0#0.0#0.0#0.0#0.0#0.0#0.0#0.0#0.0#0.0#0.0#0.0#0.0#0.0#0.269572162946#0.0#0.0#0.0#0.0#0.0#0.0#0.0#0.206524452559#0.0#0.0#0.0#0.0#0.0#0.0#0.0#0.206524452559#0.0#0.0#0.0#0.0#0.0#0.0#0.0#0.0#0.0#0.0#0.0#0.0#0.0#0.269572162946#0.0#0.0#0.0#0.0#0.0#0.0#0.0#0.0#0.0#0.0#0.269572162946#0.0#0.0#0.0#0.0#0.0#0.0#0.0#0.0#0.0#0.0#0.0#0.0#0.0#0.0#0.206524452559#0.0#0.0#0.0#0.0#0.269572162946#0.0#0.0#0.0#0.0#0.0#0.0#0.0#0.0#0.0#0.0#0.0#0.0#0.0#0.0#0.0#0.0#0.0#0.0#0.0#0.0#0.0#0.0#0.0#0.0#0.241673106655#0.0#0.0#0.0#0.0#0.0#0.0#0.0#0.0#0.0#0.0#0.0#0.0#0.0#0.0#0.0#0.0#0.0#0.0#0.0#0.0#0.0#0.0#0.0#0.0#0.0#0.0#0.158830700811#0.0#0.0#0.221878411198#0.206524452559#0.0#0.122319476663#0.0#0.0#0.0#0.0#0.0#0.0#0.0#0.0#0.0#0.0#0.0#0.0#0.0#0.0#0.0#0.0#0.0#0.0#0.0#0.0#0.0#0.269572162946#0.0#0.0#0.0#0.0#0.0#0.0#0.0#0.0#0.0#0.0#0.269572162946#0.0#0.0#0.0#0.0#0.0#0.0#0.0#0.0#0.0#0.0#0.0#0.0#0.0#0.0#0.0#0.0#0.0#0.0#0.0#0.0#0.0#0.186168619338#0.0#0.0
第17分钟，维埃里尼亚右肋内切之后，22米处左脚劲射，哈尔多松将球托出后得到,第/17/分钟/，/维埃里尼亚/右肋/内切/之后/，/22/米处/左脚/劲射/，/哈尔多松/将/球托出/后/得到,0.0#0.0#0.0#0.0#0.0#0.0#0.0#0.0#0.0#0.0#0.0#0.0#0.0#0.0#0.0#0.0#0.0#0.233308947184#0.0#0.0#0.0#0.0#0.0#0.0#0.0#0.283459743504#0.0#0.0#0.0#0.0#0.0#0.0#0.0#0.0#0.0#0.0#0.0#0.0#0.0#0.0#0.0#0.0#0.0#0.0#0.0#0.0#0.0#0.0#0.0#0.0#0.0#0.0#0.0#0.0#0.0#0.0#0.0#0.0#0.0#0.0#0.0#0.0#0.0#0.0#0.0#0.0#0.0#0.0#0.0#0.0#0.0#0.0#0.0#0.0#0.0#0.0#0.254123408276#0.0#0.0#0.0#0.0#0.0#0.0#0.0#0.0#0.0#0.0#0.0#0.0#0.0#0.0#0.0#0.0#0.283459743504#0.0#0.0#0.0#0.0#0.0#0.0#0.0#0.0#0.133007354545#0.0#0.0#0.0#0.217163996868#0.0#0.0#0.0#0.0#0.0#0.0#0.0#0.0#0.0#0.0#0.254123408276#0.0#0.0#0.0#0.0#0.0#0.283459743504#0.0#0.0#0.0#0.192819454931#0.0#0.0#0.0#0.0#0.0#0.0#0.0#0.0#0.0#0.0#0.0#0.0#0.0#0.0#0.0#0.0#0.0#0.0#0.0#0.0#0.254123408276#0.0#0.0#0.0#0.0#0.0#0.0#0.0#0.217163996868#0.0#0.0#0.0#0.0#0.0#0.0#0.0#0.0#0.0#0.0#0.0#0.0#0.283459743504#0.0#0.0#0.0#0.0#0.0#0.0#0.0#0.0#0.0#0.0#0.0#0.0#0.0#0.0#0.0#0.0#0.0#0.0#0.0#0.0#0.0#0.0#0.0#0.0#0.0#0.0#0.0#0.0#0.0#0.0#0.0#0.0#0.0#0.0#0.0#0.0#0.0#0.0#0.0#0.0#0.0#0.0#0.0#0.0#0.0#0.0#0.0#0.0#0.0#0.0#0.0#0.0#0.0#0.0#0.0#0.0#0.0#0.0#0.0#0.0#0.0#0.0#0.0#0.283459743504#0.0#0.0#0.0#0.0#0.0#0.0#0.0#0.0#0.0#0.128621023408#0.183158150865#0.0#0.0#0.0#0.0#0.0#0.0#0.254123408276#0.0#0.0#0.0#0.0#0.0#0.0#0.0#0.0#0.0#0.0#0.0#0.0#0.0#0.0#0.0#0.0#0.0#0.0#0.0#0.0#0.0#0.0#0.0#0.0#0.0#0.0#0.0#0.0#0.0#0.0#0.0#0.0#0.0#0.0#0.0#0.0#0.0#0.0#0.0#0.0#0.0#0.0#0.0#0.0#0.0#0.0#0.293639234719#0.0#0.0
第21分钟葡萄牙错失不进球，C罗左路传中，纳尼2米处头球冲顶，哈尔多松用左脚将必进球挡出,第/21/分钟/葡萄牙/错失/不/进球/，/C罗/左路传/中/，/纳尼/2/米处/头球/冲顶/，/哈尔多松/用/左脚/将/必/进球/挡出,0.0#0.0#0.0#0.0#0.0#0.0#0.0#0.0#0.0#0.0#0.0#0.0#0.0#0.0#0.0#0.0#0.0#0.0#0.0#0.0#0.196869122388#0.0#0.0#0.0#0.196869122388#0.0#0.0#0.0#0.0#0.0#0.0#0.0#0.0#0.0#0.0#0.0#0.0#0.0#0.0#0.0#0.0#0.0#0.0#0.0#0.0#0.0#0.0#0.0#0.0#0.0#0.0#0.0#0.0#0.0#0.0#0.0#0.0#0.140927909607#0.0#0.0#0.0#0.0#0.0#0.0#0.0#0.0#0.0#0.239187016227#0.0#0.0#0.0#0.0#0.196869122388#0.0#0.0#0.0#0.0#0.0#0.0#0.0#0.0#0.0#0.0#0.0#0.0#0.0#0.0#0.0#0.0#0.0#0.0#0.0#0.0#0.0#0.0#0.0#0.0#0.239187016227#0.0#0.0#0.0#0.0#0.112233334711#0.0#0.0#0.0#0.0#0.0#0.0#0.0#0.0#0.0#0.0#0.0#0.0#0.0#0.0#0.0#0.0#0.0#0.0#0.0#0.0#0.0#0.0#0.0#0.0#0.162703562507#0.0#0.0#0.0#0.0#0.0#0.0#0.0#0.0#0.0#0.0#0.0#0.0#0.183245803445#0.0#0.0#0.0#0.0#0.0#0.0#0.0#0.214432635222#0.0#0.0#0.0#0.0#0.0#0.0#0.0#0.183245803445#0.239187016227#0.0#0.0#0.0#0.0#0.0#0.0#0.0#0.0#0.0#0.0#0.0#0.0#0.0#0.0#0.239187016227#0.0#0.0#0.0#0.0#0.0#0.0#0.0#0.0#0.0#0.0#0.0#0.0#0.0#0.0#0.0#0.239187016227#0.0#0.0#0.0#0.0#0.0#0.0#0.0#0.0#0.0#0.0#0.0#0.0#0.0#0.0#0.0#0.0#0.0#0.0#0.0#0.0#0.0#0.0#0.0#0.0#0.0#0.0#0.0#0.0#0.0#0.0#0.0#0.0#0.0#0.0#0.0#0.0#0.0#0.0#0.0#0.0#0.0#0.0#0.0#0.0#0.0#0.0#0.0#0.239187016227#0.0#0.0#0.0#0.0#0.0#0.0#0.10853209148#0.15455122855#0.0#0.15455122855#0.0#0.0#0.0#0.0#0.0#0.0#0.147360360378#0.0#0.0#0.0#0.0#0.0#0.0#0.116173528602#0.0#0.0#0.0#0.0#0.0#0.0#0.0#0.0#0.0#0.0#0.0#0.0#0.0#0.0#0.0#0.0#0.0#0.0#0.0#0.393738244776#0.0#0.0#0.239187016227#0.0#0.0#0.0#0.0#0.0#0.0#0.0#0.0#0.0#0.0#0.0#0.0#0.0#0.0#0.247776603236#0.0#0.0
第25分钟，佩佩后场送出长传，C罗插入禁区跑动中试图抡大腿抽射抽射，可惜没打上力量，哈尔多松将球没收,第/25/分钟/，/佩佩/后场/送/出/长传/，/C罗/插入/禁区/跑动/中/试图/抡/大腿/抽射/抽射/，/可惜/没/打/上/力量/，/哈尔多松/将球/没收,0.0#0.0#0.0#0.0#0.0#0.0#0.0#0.0#0.0#0.0#0.0#0.0#0.0#0.0#0.0#0.0#0.0#0.0#0.0#0.0#0.0#0.0#0.0#0.0#0.0#0.0#0.0#0.180404747241#0.0#0.0#0.0#0.0#0.0#0.0#0.0#0.0#0.0#0.0#0.0#0.0#0.0#0.0#0.0#0.0#0.0#0.0#0.0#0.0#0.0#0.0#0.0#0.0#0.0#0.0#0.0#0.0#0.0#0.118564340197#0.0#0.0#0.0#0.0#0.0#0.0#0.144802195727#0.0#0.0#0.0#0.0#0.0#0.0#0.0#0.165628353293#0.0#0.0#0.0#0.0#0.0#0.0#0.0#0.0#0.0#0.0#0.0#0.0#0.0#0.0#0.165628353293#0.0#0.0#0.0#0.0#0.0#0.0#0.0#0.0#0.0#0.0#0.0#0.154166891711#0.0#0.0#0.0944232502654#0.201230904807#0.0#0.0#0.0#0.0#0.0#0.0#0.0#0.0#0.0#0.0#0.201230904807#0.0#0.0#0.0#0.0#0.0#0.0#0.0#0.0#0.0#0.0#0.201230904807#0.0#0.136884458091#0.0#0.0#0.0#0.0#0.0#0.0#0.0#0.0#0.0#0.201230904807#0.0#0.0#0.0#0.0#0.0#0.0#0.0#0.0#0.0#0.0#0.0#0.180404747241#0.0#0.0#0.0#0.0#0.0#0.0#0.0#0.0#0.0#0.0#0.0#0.0#0.0#0.0#0.0#0.0#0.0#0.0#0.0#0.0#0.0#0.0#0.0#0.0#0.0#0.0#0.0#0.0#0.0#0.0#0.154166891711#0.0#0.0#0.0#0.201230904807#0.0#0.0#0.402461809614#0.0#0.0#0.0#0.201230904807#0.0#0.0#0.0#0.0#0.0#0.0#0.0#0.0#0.0#0.0#0.0#0.0#0.0#0.0#0.0#0.0#0.0#0.0#0.0#0.0#0.0#0.0#0.0#0.0#0.0#0.0#0.0#0.0#0.0#0.0#0.201230904807#0.201230904807#0.0#0.0#0.0#0.0#0.0#0.0#0.0#0.0#0.0#0.0#0.0#0.0#0.0#0.0#0.0#0.144802195727#0.0#0.0#0.0#0.0913093499542#0.0#0.0#0.0#0.0#0.0#0.0#0.0#0.0#0.0#0.123976038162#0.0#0.0#0.0#0.0#0.0#0.0#0.0#0.0#0.0#0.0#0.0#0.0#0.0#0.201230904807#0.0#0.0#0.0#0.0#0.0#0.0#0.201230904807#0.0#0.0#0.0#0.0#0.0#0.0#0.0#0.201230904807#0.0#0.201230904807#0.0#0.0#0.0#0.0#0.0#0.0#0.0#0.0#0.0#0.0#0.0#0.0#0.0#0.277943236472#0.0#0.0
**第31分钟葡萄牙打破僵局，安德烈-,*/*/第/31/分钟/葡萄牙/打破/僵局/，/安德烈/-,0.0#0.0#0.0#0.579655659499#0.16091793801#0.0#0.0#0.0#0.0#0.0#0.0#0.0#0.0#0.0#0.0#0.0#0.0#0.0#0.0#0.0#0.0#0.0#0.0#0.0#0.0#0.0#0.0#0.0#0.0#0.0#0.0#0.378306365079#0.0#0.0#0.0#0.0#0.0#0.0#0.0#0.0#0.0#0.0#0.0#0.0#0.0#0.0#0.0#0.0#0.0#0.0#0.0#0.0#0.0#0.0#0.0#0.0#0.0#0.0#0.0#0.0#0.0#0.0#0.0#0.0#0.0#0.0#0.0#0.0#0.0#0.0#0.0#0.0#0.0#0.0#0.0#0.0#0.0#0.0#0.0#0.0#0.0#0.0#0.0#0.0#0.0#0.0#0.0#0.0#0.0#0.378306365079#0.0#0.0#0.0#0.0#0.0#0.0#0.0#0.0#0.0#0.0#0.0#0.0#0.177512080568#0.0#0.0#0.0#0.0#0.0#0.0#0.0#0.0#0.0#0.0#0.0#0.0#0.0#0.0#0.0#0.0#0.0#0.0#0.0#0.0#0.0#0.0#0.0#0.0#0.0#0.0#0.0#0.0#0.0#0.0#0.0#0.0#0.0#0.0#0.0#0.0#0.0#0.0#0.0#0.0#0.0#0.311374936909#0.0#0.0#0.0#0.0#0.0#0.0#0.0#0.0#0.0#0.0#0.0#0.0#0.0#0.0#0.0#0.0#0.0#0.0#0.0#0.0#0.0#0.0#0.0#0.0#0.0#0.0#0.0#0.0#0.0#0.0#0.0#0.0#0.0#0.0#0.0#0.0#0.378306365079#0.0#0.0#0.0#0.0#0.0#0.0#0.0#0.0#0.0#0.0#0.0#0.0#0.0#0.0#0.0#0.0#0.0#0.0#0.0#0.0#0.0#0.0#0.0#0.0#0.0#0.0#0.0#0.0#0.0#0.0#0.0#0.0#0.0#0.0#0.0#0.0#0.0#0.0#0.0#0.0#0.0#0.0#0.0#0.0#0.0#0.0#0.0#0.0#0.0#0.0#0.0#0.0#0.0#0.0#0.0#0.0#0.0#0.0#0.0#0.0#0.0#0.171658067691#0.0#0.0#0.0#0.0#0.0#0.0#0.0#0.0#0.0#0.0#0.0#0.0#0.0#0.0#0.0#0.0#0.18374402598#0.0#0.0#0.0#0.0#0.0#0.0#0.0#0.0#0.0#0.0#0.0#0.0#0.0#0.0#0.0#0.0#0.0#0.0#0.0#0.0#0.0#0.0#0.0#0.0#0.0#0.0#0.0#0.0#0.0#0.0#0.0#0.0#0.0#0.0#0.0#0.0#0.0#0.130630649886#0.0#0.0
戈麦斯右路低传门前，纳尼小禁区线上推射得手，葡萄牙1-0领先,戈麦斯/右路/低传/门前/，/纳尼/小禁区/线上/推射/得手/，/葡萄牙/1/-/0/领先,0.0#0.0#0.0#0.0#0.133376323181#0.0#0.258082130116#0.193179485131#0.0#0.0#0.0#0.0#0.0#0.0#0.0#0.0#0.0#0.0#0.0#0.0#0.0#0.0#0.0#0.0#0.0#0.0#0.0#0.0#0.0#0.0#0.0#0.0#0.0#0.0#0.0#0.0#0.0#0.0#0.0#0.0#0.0#0.0#0.0#0.0#0.0#0.0#0.0#0.0#0.0#0.0#0.0#0.0#0.0#0.0#0.0#0.0#0.0#0.0#0.0#0.0#0.0#0.0#0.0#0.0#0.0#0.0#0.0#0.0#0.0#0.0#0.0#0.0#0.0#0.0#0.0#0.0#0.0#0.0#0.0#0.0#0.0#0.0#0.0#0.0#0.313558032337#0.0#0.0#0.0#0.0#0.0#0.0#0.0#0.0#0.0#0.0#0.0#0.0#0.0#0.0#0.0#0.0#0.0#0.0#0.0#0.0#0.0#0.0#0.0#0.0#0.0#0.0#0.0#0.0#0.0#0.0#0.0#0.0#0.0#0.0#0.313558032337#0.0#0.0#0.0#0.0#0.0#0.0#0.0#0.0#0.0#0.0#0.0#0.0#0.0#0.0#0.0#0.0#0.0#0.0#0.0#0.0#0.0#0.0#0.0#0.0#0.0#0.0#0.0#0.0#0.0#0.0#0.281106709844#0.0#0.0#0.0#0.0#0.0#0.0#0.0#0.0#0.0#0.0#0.0#0.0#0.0#0.0#0.0#0.0#0.0#0.0#0.0#0.313558032337#0.0#0.0#0.225630807623#0.0#0.0#0.0#0.0#0.0#0.0#0.0#0.0#0.0#0.0#0.0#0.0#0.0#0.0#0.0#0.0#0.313558032337#0.0#0.0#0.0#0.0#0.0#0.0#0.0#0.0#0.0#0.0#0.0#0.0#0.0#0.0#0.0#0.0#0.0#0.0#0.0#0.0#0.0#0.0#0.0#0.0#0.0#0.0#0.0#0.0#0.0#0.0#0.0#0.0#0.0#0.0#0.0#0.0#0.0#0.0#0.0#0.0#0.0#0.0#0.0#0.0#0.0#0.0#0.0#0.0#0.0#0.0#0.0#0.0#0.0#0.0#0.0#0.202606227895#0.0#0.281106709844#0.0#0.0#0.0#0.0#0.0#0.0#0.0#0.0#0.0#0.0#0.0#0.152295653889#0.0#0.0#0.0#0.0#0.0#0.0#0.0#0.0#0.0#0.0#0.0#0.0#0.0#0.0#0.0#0.0#0.0#0.0#0.0#0.0#0.0#0.0#0.0#0.0#0.313558032337#0.0#0.0#0.0#0.0#0.0#0.258082130116#0.0#0.0#0.0#0.0#0.0#0.0#0.216545600719#0.0#0.0
这是纳尼国家队97场的第19球,这是/纳尼/国家队/97/场/的/第/19/球,0.0#0.0#0.0#0.0#0.0#0.0#0.0#0.0#0.0#0.0#0.0#0.0#0.0#0.0#0.0#0.0#0.0#0.0#0.0#0.337913893381#0.0#0.0#0.0#0.0#0.0#0.0#0.0#0.0#0.0#0.0#0.0#0.0#0.0#0.0#0.0#0.0#0.0#0.0#0.0#0.0#0.0#0.0#0.0#0.0#0.0#0.0#0.0#0.0#0.0#0.0#0.0#0.0#0.0#0.0#0.410549988331#0.0#0.0#0.0#0.0#0.0#0.0#0.0#0.0#0.0#0.0#0.0#0.0#0.0#0.0#0.0#0.0#0.0#0.0#0.0#0.0#0.0#0.0#0.0#0.0#0.0#0.0#0.0#0.0#0.0#0.0#0.0#0.0#0.0#0.0#0.0#0.0#0.0#0.0#0.0#0.0#0.0#0.0#0.0#0.0#0.0#0.0#0.0#0.0#0.0#0.0#0.0#0.0#0.0#0.0#0.0#0.0#0.0#0.0#0.0#0.0#0.0#0.0#0.0#0.0#0.0#0.0#0.0#0.0#0.0#0.0#0.0#0.0#0.0#0.0#0.337913893381#0.0#0.0#0.0#0.410549988331#0.0#0.0#0.0#0.0#0.0#0.0#0.0#0.0#0.0#0.0#0.0#0.0#0.0#0.0#0.0#0.0#0.0#0.0#0.0#0.0#0.0#0.0#0.0#0.0#0.0#0.0#0.0#0.0#0.0#0.0#0.0#0.0#0.0#0.0#0.0#0.0#0.0#0.0#0.0#0.0#0.0#0.0#0.0#0.0#0.0#0.0#0.0#0.0#0.0#0.0#0.0#0.0#0.0#0.0#0.0#0.0#0.0#0.0#0.0#0.0#0.0#0.0#0.0#0.0#0.0#0.0#0.0#0.0#0.0#0.0#0.0#0.0#0.0#0.0#0.0#0.0#0.0#0.0#0.0#0.0#0.0#0.0#0.0#0.0#0.0#0.0#0.0#0.0#0.0#0.0#0.0#0.0#0.0#0.0#0.0#0.368060596586#0.0#0.0#0.0#0.0#0.0#0.0#0.0#0.241894198762#0.0#0.0#0.0#0.0#0.0#0.186288744237#0.0#0.0#0.26527779843#0.0#0.0#0.0#0.0#0.0#0.0#0.0#0.0#0.0#0.0#0.0#0.0#0.0#0.0#0.0#0.0#0.0#0.0#0.0#0.0#0.0#0.0#0.0#0.0#0.0#0.0#0.0#0.0#0.0#0.0#0.0#0.368060596586#0.0#0.0#0.0#0.0#0.0#0.0#0.0#0.0#0.0#0.0#0.0#0.0#0.0#0.0#0.0#0.0#0.0#0.0#0.0#0.0#0.0#0.0
**上半场葡萄牙12次射门6次射正，以1-0暂时领先冰岛,*/*/上半场/葡萄牙/12/次/射门/6/次射/正/，/以/1/-/0/暂时/领先/冰岛,0.0#0.0#0.0#0.427204627559#0.118596077945#0.0#0.229482472522#0.171772086151#0.0#0.0#0.278810751087#0.0#0.0#0.0#0.0#0.0#0.0#0.0#0.0#0.0#0.0#0.0#0.0#0.0#0.0#0.0#0.0#0.0#0.0#0.0#0.0#0.0#0.0#0.0#0.0#0.0#0.0#0.0#0.0#0.0#0.0#0.180154193957#0.0#0.0#0.0#0.0#0.0#0.0#0.0#0.0#0.0#0.0#0.0#0.0#0.0#0.0#0.0#0.0#0.0#0.0#0.0#0.0#0.0#0.0#0.0#0.249955557901#0.0#0.0#0.0#0.0#0.0#0.0#0.0#0.0#0.0#0.0#0.0#0.0#0.0#0.0#0.0#0.0#0.278810751087#0.0#0.0#0.0#0.0#0.0#0.0#0.0#0.0#0.0#0.0#0.0#0.0#0.0#0.164274035215#0.0#0.0#0.0#0.0#0.0#0.0#0.0#0.0#0.0#0.0#0.0#0.0#0.0#0.0#0.0#0.0#0.0#0.0#0.0#0.0#0.0#0.0#0.0#0.0#0.0#0.0#0.0#0.0#0.0#0.0#0.0#0.0#0.0#0.0#0.0#0.0#0.0#0.0#0.0#0.0#0.0#0.0#0.0#0.0#0.0#0.0#0.0#0.0#0.0#0.0#0.278810751087#0.0#0.0#0.0#0.0#0.0#0.0#0.0#0.0#0.0#0.0#0.0#0.0#0.0#0.0#0.0#0.0#0.0#0.0#0.0#0.0#0.0#0.0#0.0#0.0#0.0#0.0#0.0#0.0#0.0#0.0#0.0#0.0#0.0#0.0#0.0#0.0#0.0#0.0#0.0#0.0#0.0#0.0#0.0#0.0#0.0#0.0#0.0#0.0#0.0#0.0#0.0#0.0#0.0#0.278810751087#0.0#0.0#0.0#0.0#0.0#0.0#0.0#0.0#0.0#0.0#0.0#0.229482472522#0.278810751087#0.0#0.0#0.278810751087#0.0#0.0#0.0#0.0#0.0#0.0#0.0#0.0#0.0#0.0#0.0#0.0#0.0#0.0#0.0#0.0#0.0#0.0#0.0#0.0#0.0#0.0#0.0#0.0#0.0#0.0#0.0#0.0#0.0#0.0#0.0#0.0#0.0#0.0#0.0#0.0#0.0#0.0#0.0#0.0#0.0#0.0#0.135418842029#0.0#0.0#0.0#0.0#0.0#0.0#0.0#0.0#0.0#0.0#0.0#0.0#0.0#0.0#0.0#0.0#0.0#0.0#0.0#0.0#0.0#0.0#0.0#0.0#0.0#0.0#0.0#0.0#0.0#0.0#0.229482472522#0.0#0.0#0.0#0.0#0.0#0.0#0.0962744298578#0.0#0.0
下半场易边再战，第47分钟，R-西于尔兹松头球解围不远，C罗21米处左脚劲射稍稍偏出,下半场/易边/再战/，/第/47/分钟/，/R/-/西于尔兹松/头球/解围/不远/，/C罗/21/米处/左脚/劲射/稍稍/偏出,0.0#0.0#0.0#0.0#0.115658181905#0.0#0.0#0.0#0.0#0.0#0.0#0.0#0.0#0.0#0.0#0.0#0.0#0.0#0.0#0.0#0.0#0.0#0.0#0.0#0.223797666929#0.0#0.0#0.0#0.0#0.0#0.0#0.0#0.0#0.0#0.0#0.0#0.0#0.271903971236#0.0#0.0#0.0#0.0#0.0#0.0#0.0#0.0#0.0#0.0#0.0#0.0#0.0#0.0#0.0#0.0#0.0#0.0#0.0#0.160204591723#0.0#0.0#0.223797666929#0.0#0.0#0.0#0.0#0.0#0.243763587168#0.0#0.271903971236#0.0#0.0#0.0#0.0#0.0#0.0#0.0#0.0#0.0#0.0#0.0#0.0#0.0#0.0#0.0#0.0#0.0#0.0#0.0#0.208310896031#0.0#0.0#0.0#0.0#0.0#0.271903971236#0.0#0.0#0.0#0.0#0.0#0.0#0.0#0.127585058313#0.0#0.0#0.0#0.208310896031#0.0#0.0#0.0#0.0#0.0#0.0#0.0#0.0#0.0#0.0#0.0#0.0#0.0#0.0#0.0#0.0#0.0#0.0#0.0#0.0#0.0#0.0#0.0#0.0#0.0#0.0#0.0#0.0#0.0#0.0#0.0#0.0#0.0#0.208310896031#0.0#0.0#0.0#0.0#0.0#0.0#0.0#0.0#0.0#0.0#0.0#0.0#0.0#0.0#0.0#0.208310896031#0.0#0.0#0.0#0.0#0.0#0.0#0.0#0.0#0.0#0.0#0.0#0.0#0.0#0.0#0.0#0.0#0.0#0.0#0.0#0.0#0.0#0.0#0.0#0.0#0.0#0.0#0.0#0.0#0.0#0.0#0.0#0.0#0.0#0.0#0.0#0.0#0.0#0.0#0.0#0.0#0.0#0.271903971236#0.0#0.0#0.0#0.0#0.0#0.0#0.0#0.0#0.0#0.0#0.0#0.0#0.0#0.0#0.0#0.0#0.0#0.0#0.0#0.0#0.0#0.0#0.0#0.0#0.0#0.0#0.0#0.0#0.0#0.0#0.0#0.0#0.0#0.0#0.0#0.0#0.0#0.0#0.0#0.0#0.0#0.223797666929#0.0#0.0#0.123377544256#0.175691362621#0.0#0.0#0.0#0.0#0.0#0.0#0.0#0.0#0.167516898792#0.0#0.0#0.0#0.0#0.0#0.0#0.0#0.0#0.0#0.19565728286#0.0#0.0#0.271903971236#0.0#0.0#0.0#0.0#0.0#0.0#0.0#0.0#0.0#0.0#0.0#0.0#0.0#0.0#0.0#0.0#0.0#0.0#0.0#0.0#0.0#0.0#0.0#0.0#0.0#0.0#0.0#0.0#0.0#0.0#0.0#0.281668476249#0.0#0.0
**第51分钟冰岛扳平比分，R-西于尔兹松右路传中，佩佩防守漏人，比亚尔纳松6米处右脚扫射入网，冰岛1-1葡萄牙,*/*/第/51/分钟/冰岛/扳平/比分/，/R/-/西于尔兹松/右/路传中/，/佩佩/防守/漏人/，/比亚尔纳松/6/米处/右脚/扫射/入网/，/冰岛/1/-/1/葡萄牙,0.0#0.0#0.0#0.333350194116#0.185082384666#0.0#0.0#0.268069466331#0.0#0.0#0.0#0.0#0.0#0.0#0.0#0.0#0.0#0.0#0.0#0.0#0.0#0.0#0.0#0.0#0.0#0.0#0.0#0.0#0.0#0.0#0.0#0.0#0.0#0.0#0.0#0.0#0.0#0.0#0.0#0.21755761057#0.0#0.140575339433#0.0#0.0#0.0#0.0#0.0#0.0#0.0#0.0#0.0#0.0#0.0#0.0#0.0#0.0#0.0#0.0#0.0#0.0#0.179066475002#0.0#0.0#0.0#0.0#0.0#0.0#0.0#0.0#0.0#0.0#0.0#0.0#0.0#0.0#0.0#0.0#0.0#0.0#0.0#0.0#0.0#0.0#0.0#0.0#0.0#0.0#0.179066475002#0.0#0.0#0.0#0.21755761057#0.0#0.0#0.0#0.0#0.256367922978#0.0#0.0#0.0#0.0#0.0#0.102084203864#0.0#0.0#0.0#0.0#0.0#0.0#0.0#0.0#0.0#0.0#0.0#0.0#0.0#0.195041739653#0.0#0.179066475002#0.0#0.0#0.0#0.0#0.0#0.0#0.0#0.0#0.0#0.0#0.0#0.0#0.0#0.0#0.0#0.0#0.0#0.0#0.0#0.0#0.0#0.0#0.0#0.0#0.0#0.0#0.0#0.0#0.0#0.0#0.0#0.0#0.0#0.0#0.0#0.0#0.0#0.0#0.0#0.0#0.0#0.0#0.0#0.0#0.0#0.0#0.0#0.0#0.0#0.0#0.0#0.0#0.0#0.0#0.0#0.0#0.0#0.0#0.0#0.0#0.0#0.0#0.0#0.21755761057#0.21755761057#0.0#0.0#0.0#0.0#0.0#0.0#0.0#0.0#0.0#0.0#0.0#0.0#0.0#0.0#0.0#0.0#0.0#0.0#0.0#0.0#0.0#0.0#0.0#0.0#0.0#0.0#0.0#0.0#0.0#0.0#0.0#0.0#0.0#0.0#0.0#0.166675097058#0.21755761057#0.0#0.0#0.0#0.0#0.21755761057#0.0#0.0#0.0#0.0#0.0#0.0#0.0#0.0#0.0#0.0#0.0#0.0#0.0#0.0#0.0#0.0#0.0#0.0987176597842#0.140575339433#0.0#0.0#0.0#0.0#0.0#0.0#0.0#0.0#0.0#0.0#0.0#0.0#0.0#0.0#0.0#0.105668090571#0.0#0.0#0.156550604084#0.0#0.0#0.0#0.0#0.0#0.0#0.0#0.0#0.0#0.0#0.0#0.195041739653#0.0#0.0#0.0#0.0#0.0#0.0#0.0#0.0#0.0#0.0#0.0#0.21755761057#0.0#0.0#0.0#0.0#0.0#0.0#0.0#0.0#0.0#0.0#0.300493934861#0.0#0.0
这是冰岛足球历史上，首个大赛进球,这是/冰岛/足球/历史/上/，/首个/大赛/进球,0.0#0.0#0.0#0.0#0.0#0.0#0.0#0.0#0.0#0.0#0.0#0.0#0.0#0.0#0.0#0.0#0.0#0.0#0.0#0.0#0.0#0.0#0.0#0.0#0.0#0.0#0.0#0.0#0.0#0.0#0.0#0.0#0.0#0.0#0.0#0.0#0.0#0.0#0.0#0.0#0.0#0.0#0.0#0.0#0.0#0.0#0.0#0.0#0.0#0.0#0.0#0.0#0.0#0.0#0.0#0.0#0.0#0.0#0.0#0.0#0.0#0.0#0.0#0.0#0.305336029391#0.0#0.0#0.0#0.0#0.0#0.0#0.0#0.0#0.0#0.0#0.0#0.0#0.0#0.0#0.0#0.0#0.0#0.0#0.0#0.0#0.0#0.0#0.0#0.0#0.0#0.0#0.0#0.0#0.0#0.0#0.0#0.250009778383#0.0#0.0#0.0#0.0#0.0#0.0#0.0#0.0#0.0#0.0#0.0#0.0#0.0#0.349250945367#0.0#0.0#0.0#0.0#0.0#0.0#0.0#0.0#0.0#0.0#0.0#0.0#0.0#0.0#0.0#0.0#0.0#0.0#0.0#0.0#0.0#0.0#0.0#0.0#0.0#0.0#0.0#0.380409074111#0.0#0.0#0.0#0.0#0.0#0.0#0.0#0.0#0.0#0.0#0.0#0.0#0.0#0.0#0.0#0.0#0.0#0.0#0.0#0.0#0.0#0.0#0.0#0.0#0.0#0.0#0.0#0.0#0.0#0.0#0.0#0.0#0.0#0.0#0.0#0.0#0.0#0.0#0.0#0.0#0.0#0.0#0.0#0.0#0.0#0.0#0.0#0.0#0.0#0.0#0.0#0.0#0.0#0.0#0.0#0.0#0.0#0.0#0.0#0.0#0.0#0.0#0.0#0.0#0.0#0.0#0.0#0.0#0.0#0.0#0.0#0.0#0.0#0.0#0.0#0.0#0.0#0.0#0.0#0.0#0.0#0.0#0.0#0.0#0.0#0.0#0.0#0.0#0.0#0.0#0.0#0.0#0.0#0.0#0.0#0.0#0.0#0.0#0.0#0.0#0.0#0.0#0.0#0.0#0.0#0.0#0.0#0.0#0.0#0.0#0.0#0.0#0.0#0.0#0.0#0.0#0.0#0.0#0.0#0.0#0.0#0.0#0.0#0.0#0.0#0.0#0.0#0.0#0.0#0.0#0.0#0.0#0.0#0.0#0.380409074111#0.0#0.0#0.0#0.0#0.380409074111#0.0#0.349250945367#0.0#0.0#0.0#0.0#0.0#0.0#0.0#0.0#0.0#0.0#0.0#0.380409074111#0.0#0.0#0.0#0.0#0.0#0.146520713643#0.0#0.0
**,*/*,0.0#0.0#0.0#1.0#0.0#0.0#0.0#0.0#0.0#0.0#0.0#0.0#0.0#0.0#0.0#0.0#0.0#0.0#0.0#0.0#0.0#0.0#0.0#0.0#0.0#0.0#0.0#0.0#0.0#0.0#0.0#0.0#0.0#0.0#0.0#0.0#0.0#0.0#0.0#0.0#0.0#0.0#0.0#0.0#0.0#0.0#0.0#0.0#0.0#0.0#0.0#0.0#0.0#0.0#0.0#0.0#0.0#0.0#0.0#0.0#0.0#0.0#0.0#0.0#0.0#0.0#0.0#0.0#0.0#0.0#0.0#0.0#0.0#0.0#0.0#0.0#0.0#0.0#0.0#0.0#0.0#0.0#0.0#0.0#0.0#0.0#0.0#0.0#0.0#0.0#0.0#0.0#0.0#0.0#0.0#0.0#0.0#0.0#0.0#0.0#0.0#0.0#0.0#0.0#0.0#0.0#0.0#0.0#0.0#0.0#0.0#0.0#0.0#0.0#0.0#0.0#0.0#0.0#0.0#0.0#0.0#0.0#0.0#0.0#0.0#0.0#0.0#0.0#0.0#0.0#0.0#0.0#0.0#0.0#0.0#0.0#0.0#0.0#0.0#0.0#0.0#0.0#0.0#0.0#0.0#0.0#0.0#0.0#0.0#0.0#0.0#0.0#0.0#0.0#0.0#0.0#0.0#0.0#0.0#0.0#0.0#0.0#0.0#0.0#0.0#0.0#0.0#0.0#0.0#0.0#0.0#0.0#0.0#0.0#0.0#0.0#0.0#0.0#0.0#0.0#0.0#0.0#0.0#0.0#0.0#0.0#0.0#0.0#0.0#0.0#0.0#0.0#0.0#0.0#0.0#0.0#0.0#0.0#0.0#0.0#0.0#0.0#0.0#0.0#0.0#0.0#0.0#0.0#0.0#0.0#0.0#0.0#0.0#0.0#0.0#0.0#0.0#0.0#0.0#0.0#0.0#0.0#0.0#0.0#0.0#0.0#0.0#0.0#0.0#0.0#0.0#0.0#0.0#0.0#0.0#0.0#0.0#0.0#0.0#0.0#0.0#0.0#0.0#0.0#0.0#0.0#0.0#0.0#0.0#0.0#0.0#0.0#0.0#0.0#0.0#0.0#0.0#0.0#0.0#0.0#0.0#0.0#0.0#0.0#0.0#0.0#0.0#0.0#0.0#0.0#0.0#0.0#0.0#0.0#0.0#0.0#0.0#0.0#0.0#0.0#0.0#0.0#0.0#0.0#0.0#0.0#0.0#0.0#0.0#0.0#0.0#0.0#0.0#0.0#0.0#0.0#0.0#0.0#0.0#0.0#0.0
第55分钟，进球功臣比亚尔纳松被黄牌警告,第/55/分钟/，/进球/功臣/比亚尔纳松/被/黄牌警告,0.0#0.0#0.0#0.0#0.0#0.0#0.0#0.0#0.0#0.0#0.0#0.0#0.0#0.0#0.0#0.0#0.0#0.0#0.0#0.0#0.0#0.0#0.0#0.0#0.0#0.0#0.0#0.0#0.0#0.0#0.0#0.0#0.0#0.0#0.0#0.0#0.0#0.0#0.0#0.0#0.426900409856#0.0#0.0#0.0#0.0#0.0#0.0#0.0#0.0#0.0#0.0#0.0#0.0#0.0#0.0#0.0#0.0#0.0#0.0#0.0#0.0#0.0#0.0#0.0#0.0#0.0#0.0#0.0#0.0#0.0#0.0#0.0#0.0#0.0#0.0#0.0#0.0#0.0#0.0#0.0#0.0#0.0#0.0#0.0#0.0#0.0#0.0#0.0#0.0#0.0#0.0#0.0#0.0#0.0#0.0#0.0#0.0#0.0#0.0#0.0#0.0#0.0#0.200313785186#0.0#0.426900409856#0.0#0.0#0.0#0.0#0.0#0.0#0.0#0.0#0.0#0.0#0.0#0.0#0.0#0.0#0.0#0.0#0.0#0.0#0.0#0.0#0.0#0.0#0.0#0.0#0.0#0.0#0.0#0.0#0.0#0.0#0.0#0.0#0.0#0.0#0.0#0.0#0.0#0.0#0.0#0.0#0.0#0.0#0.0#0.0#0.0#0.0#0.0#0.0#0.0#0.0#0.0#0.0#0.0#0.0#0.0#0.0#0.0#0.0#0.0#0.0#0.0#0.0#0.0#0.0#0.0#0.0#0.0#0.0#0.0#0.0#0.0#0.0#0.0#0.0#0.0#0.0#0.0#0.0#0.0#0.0#0.0#0.0#0.0#0.0#0.0#0.0#0.0#0.0#0.0#0.0#0.0#0.0#0.0#0.0#0.0#0.0#0.0#0.0#0.0#0.0#0.0#0.0#0.0#0.0#0.0#0.0#0.0#0.0#0.0#0.0#0.0#0.0#0.0#0.0#0.327056668164#0.0#0.0#0.0#0.0#0.0#0.0#0.0#0.0#0.0#0.0#0.0#0.0#0.0#0.0#0.0#0.0#0.0#0.0#0.0#0.0#0.0#0.0#0.0#0.193707815192#0.0#0.0#0.0#0.0#0.0#0.0#0.0#0.0#0.0#0.0#0.0#0.0#0.0#0.0#0.0#0.0#0.0#0.0#0.351371534966#0.0#0.0#0.0#0.0#0.0#0.0#0.0#0.0#0.0#0.0#0.0#0.0#0.0#0.0#0.0#0.0#0.0#0.351371534966#0.0#0.0#0.0#0.0#0.0#0.0#0.0#0.0#0.0#0.0#0.0#0.0#0.0#0.0#0.0#0.0#0.426900409856#0.147410361346#0.0#0.0
第60分钟，戈麦斯大禁区弧顶处左脚低射偏出,第/60/分钟/，/戈麦斯/大/禁区/弧顶/处/左脚/低射/偏出,0.0#0.0#0.0#0.0#0.0#0.0#0.0#0.0#0.0#0.0#0.0#0.0#0.0#0.0#0.0#0.0#0.0#0.0#0.0#0.0#0.0#0.0#0.0#0.0#0.0#0.0#0.0#0.0#0.0#0.0#0.0#0.0#0.0#0.0#0.0#0.0#0.0#0.0#0.0#0.0#0.0#0.0#0.359099927724#0.0#0.0#0.0#0.0#0.0#0.0#0.0#0.0#0.0#0.0#0.0#0.0#0.0#0.0#0.0#0.0#0.0#0.0#0.0#0.0#0.0#0.0#0.0#0.0#0.0#0.0#0.0#0.0#0.0#0.0#0.0#0.0#0.0#0.0#0.0#0.0#0.0#0.0#0.0#0.0#0.0#0.0#0.359099927724#0.0#0.0#0.275113406283#0.0#0.0#0.0#0.0#0.0#0.0#0.0#0.0#0.0#0.0#0.0#0.0#0.0#0.168499875197#0.0#0.0#0.0#0.0#0.0#0.0#0.0#0.0#0.0#0.0#0.0#0.0#0.0#0.0#0.0#0.0#0.0#0.0#0.0#0.0#0.0#0.0#0.0#0.0#0.0#0.0#0.0#0.0#0.0#0.0#0.0#0.0#0.359099927724#0.359099927724#0.0#0.0#0.0#0.0#0.0#0.0#0.0#0.0#0.0#0.0#0.0#0.0#0.0#0.0#0.0#0.0#0.0#0.0#0.0#0.275113406283#0.0#0.0#0.0#0.0#0.0#0.0#0.0#0.0#0.0#0.0#0.0#0.359099927724#0.0#0.0#0.0#0.0#0.258401949094#0.0#0.0#0.0#0.0#0.0#0.0#0.0#0.0#0.0#0.0#0.0#0.0#0.0#0.0#0.0#0.0#0.0#0.0#0.0#0.0#0.0#0.0#0.0#0.0#0.0#0.0#0.0#0.0#0.0#0.0#0.0#0.0#0.0#0.0#0.0#0.0#0.0#0.0#0.0#0.0#0.0#0.0#0.0#0.0#0.0#0.0#0.0#0.0#0.0#0.0#0.0#0.0#0.0#0.0#0.0#0.0#0.0#0.0#0.0#0.0#0.0#0.0#0.0#0.0#0.0#0.258401949094#0.0#0.0#0.0#0.162943067818#0.0#0.0#0.0#0.0#0.0#0.0#0.0#0.0#0.0#0.0#0.0#0.0#0.0#0.0#0.0#0.0#0.0#0.0#0.0#0.0#0.0#0.0#0.0#0.0#0.0#0.0#0.0#0.0#0.0#0.0#0.0#0.0#0.0#0.0#0.0#0.0#0.0#0.0#0.0#0.0#0.0#0.0#0.0#0.0#0.0#0.0#0.0#0.0#0.0#0.0#0.0#0.0#0.0#0.0#0.123998592841#0.0#0.0
第71分钟，雷纳托-,第/71/分钟/，/雷纳托/-,0.0#0.0#0.0#0.0#0.28629832865#0.0#0.0#0.0#0.0#0.0#0.0#0.0#0.0#0.0#0.0#0.0#0.0#0.0#0.0#0.0#0.0#0.0#0.0#0.0#0.0#0.0#0.0#0.0#0.0#0.0#0.0#0.0#0.0#0.0#0.0#0.0#0.0#0.0#0.0#0.0#0.0#0.0#0.0#0.0#0.553985000819#0.0#0.0#0.0#0.0#0.0#0.0#0.0#0.0#0.0#0.0#0.0#0.0#0.0#0.0#0.0#0.0#0.0#0.0#0.0#0.0#0.0#0.0#0.0#0.0#0.0#0.0#0.0#0.0#0.0#0.0#0.0#0.0#0.0#0.0#0.0#0.0#0.0#0.0#0.0#0.0#0.0#0.0#0.0#0.0#0.0#0.0#0.0#0.0#0.0#0.0#0.0#0.0#0.0#0.0#0.0#0.0#0.0#0.315821918986#0.0#0.0#0.0#0.0#0.0#0.0#0.0#0.0#0.0#0.0#0.0#0.0#0.0#0.0#0.0#0.0#0.0#0.0#0.0#0.0#0.0#0.0#0.0#0.0#0.0#0.0#0.0#0.0#0.0#0.0#0.0#0.0#0.0#0.0#0.0#0.0#0.0#0.0#0.0#0.0#0.0#0.0#0.0#0.0#0.0#0.0#0.0#0.0#0.0#0.0#0.0#0.0#0.0#0.0#0.0#0.0#0.0#0.0#0.0#0.0#0.0#0.0#0.0#0.0#0.0#0.0#0.0#0.0#0.0#0.0#0.0#0.0#0.0#0.0#0.0#0.0#0.0#0.0#0.0#0.0#0.0#0.0#0.0#0.0#0.0#0.0#0.0#0.0#0.0#0.0#0.0#0.0#0.0#0.0#0.0#0.0#0.0#0.0#0.0#0.0#0.0#0.0#0.0#0.0#0.0#0.0#0.0#0.0#0.0#0.0#0.0#0.0#0.0#0.0#0.0#0.0#0.0#0.0#0.0#0.0#0.0#0.0#0.0#0.0#0.0#0.0#0.0#0.0#0.0#0.0#0.0#0.0#0.0#0.0#0.0#0.0#0.0#0.0#0.0#0.0#0.305406709078#0.0#0.0#0.0#0.0#0.0#0.0#0.0#0.0#0.0#0.0#0.0#0.0#0.0#0.0#0.0#0.0#0.0#0.0#0.0#0.0#0.0#0.0#0.0#0.0#0.0#0.0#0.0#0.0#0.0#0.0#0.0#0.0#0.0#0.0#0.0#0.0#0.0#0.0#0.0#0.0#0.0#0.0#0.0#0.0#0.603408305771#0.0#0.0#0.0#0.0#0.0#0.0#0.0#0.0#0.0#0.232412478031#0.0#0.0
桑谢斯换下穆蒂尼奥，18岁又301天的桑谢斯超越C罗(19岁128天)，成为葡萄牙世界杯/欧洲杯史上最年轻的出场球员,桑谢斯/换下/穆蒂尼奥/，/18/岁/又/301/天/的/桑/谢斯/超越/C罗/(/19/岁/128/天/)/，/成为/葡萄牙/世界杯///欧洲杯/史上/最/年轻/的/出场/球员,0.0#0.128628955428#0.117934944899#0.0#0.0#0.134905771385#0.0#0.0#0.0#0.0#0.0#0.0#0.187175477906#0.0#0.0#0.0#0.0#0.0#0.171844514385#0.171844514385#0.0#0.0#0.0#0.0#0.0#0.0#0.0#0.0#0.0#0.0#0.187175477906#0.0#0.0#0.0#0.0#0.0#0.0#0.0#0.0#0.0#0.0#0.0#0.0#0.0#0.0#0.0#0.0#0.0#0.0#0.0#0.0#0.0#0.0#0.0#0.0#0.0#0.0#0.123014152224#0.0#0.0#0.0#0.0#0.0#0.0#0.0#0.0#0.0#0.0#0.0#0.187175477906#0.0#0.0#0.0#0.0#0.0#0.0#0.0#0.0#0.0#0.0#0.0#0.0#0.0#0.0#0.0#0.0#0.0#0.0#0.0#0.0#0.0#0.0#0.0#0.0#0.0#0.0#0.0#0.0#0.0#0.0#0.159952895224#0.0#0.0#0.0#0.0#0.0#0.0#0.0#0.0#0.0#0.0#0.159952895224#0.0#0.0#0.0#0.171844514385#0.0#0.0#0.0#0.0#0.0#0.0#0.0#0.0#0.0#0.0#0.0#0.0#0.0#0.0#0.0#0.0#0.0#0.0#0.0#0.0#0.0#0.0#0.0#0.34368902877#0.0#0.0#0.0#0.0#0.0#0.0#0.0#0.0#0.0#0.0#0.0#0.0#0.0#0.34368902877#0.0#0.0#0.0#0.0#0.0#0.0#0.0#0.187175477906#0.0#0.0#0.0#0.0#0.0#0.0#0.0#0.0#0.0#0.0#0.0#0.0#0.171844514385#0.0#0.0#0.0#0.0#0.0#0.0#0.0#0.0#0.0#0.0#0.0#0.0#0.0#0.0#0.187175477906#0.0#0.0#0.0#0.0#0.0#0.0#0.0#0.0#0.0#0.0#0.0#0.0#0.0#0.187175477906#0.0#0.0#0.0#0.0#0.0#0.0#0.0#0.187175477906#0.171844514385#0.0#0.0#0.0#0.150236734907#0.0#0.0#0.0#0.0#0.0#0.0#0.0#0.0#0.0#0.0#0.0#0.0#0.0#0.171844514385#0.0#0.0#0.0#0.0#0.0#0.0#0.246028304448#0.0#0.0#0.0#0.159952895224#0.0#0.0#0.0#0.0#0.0#0.0#0.0#0.0#0.0#0.0#0.0#0.128628955428#0.0#0.0#0.0#0.0#0.0#0.0#0.101406372745#0.0#0.0#0.0#0.0#0.0#0.0#0.0#0.187175477906#0.0#0.0#0.0#0.187175477906#0.0#0.0#0.0#0.0#0.0#0.0#0.0#0.0#0.0#0.0#0.0#0.0#0.0#0.0#0.0#0.0#0.0#0.0#0.0#0.0#0.0#0.0#0.0#0.0#0.0#0.144187331301#0.0#0.0
第71分钟，雷纳托-桑谢斯换下穆蒂尼奥，18岁又301天的桑谢斯超越C罗(19岁128天)，成为葡萄牙世界杯/欧洲杯史上最年轻的出场球员,第/71/分钟/，/雷纳托/-/桑谢斯/换下/穆蒂尼奥/，/18/岁/又/301/天/的/桑/谢斯/超越/C罗/(/19/岁/128/天/)/，/成为/葡萄牙/世界杯///欧洲杯/史上/最/年轻/的/出场/球员,0.0#0.121705382324#0.111586986853#0.0#0.0840286762066#0.127644342828#0.0#0.0#0.0#0.0#0.0#0.0#0.177100583804#0.0#0.0#0.0#0.0#0.0#0.162594823646#0.162594823646#0.0#0.0#0.0#0.0#0.0#0.0#0.0#0.0#0.0#0.0#0.177100583804#0.0#0.0#0.0#0.0#0.0#0.0#0.0#0.0#0.0#0.0#0.0#0.0#0.0#0.162594823646#0.0#0.0#0.0#0.0#0.0#0.0#0.0#0.0#0.0#0.0#0.0#0.0#0.116392801123#0.0#0.0#0.0#0.0#0.0#0.0#0.0#0.0#0.0#0.0#0.0#0.177100583804#0.0#0.0#0.0#0.0#0.0#0.0#0.0#0.0#0.0#0.0#0.0#0.0#0.0#0.0#0.0#0.0#0.0#0.0#0.0#0.0#0.0#0.0#0.0#0.0#0.0#0.0#0.0#0.0#0.0#0.0#0.151343281941#0.0#0.0926938620095#0.0#0.0#0.0#0.0#0.0#0.0#0.0#0.0#0.151343281941#0.0#0.0#0.0#0.162594823646#0.0#0.0#0.0#0.0#0.0#0.0#0.0#0.0#0.0#0.0#0.0#0.0#0.0#0.0#0.0#0.0#0.0#0.0#0.0#0.0#0.0#0.0#0.0#0.325189647293#0.0#0.0#0.0#0.0#0.0#0.0#0.0#0.0#0.0#0.0#0.0#0.0#0.0#0.325189647293#0.0#0.0#0.0#0.0#0.0#0.0#0.0#0.177100583804#0.0#0.0#0.0#0.0#0.0#0.0#0.0#0.0#0.0#0.0#0.0#0.0#0.162594823646#0.0#0.0#0.0#0.0#0.0#0.0#0.0#0.0#0.0#0.0#0.0#0.0#0.0#0.0#0.177100583804#0.0#0.0#0.0#0.0#0.0#0.0#0.0#0.0#0.0#0.0#0.0#0.0#0.0#0.177100583804#0.0#0.0#0.0#0.0#0.0#0.0#0.0#0.177100583804#0.162594823646#0.0#0.0#0.0#0.142150102985#0.0#0.0#0.0#0.0#0.0#0.0#0.0#0.0#0.0#0.0#0.0#0.0#0.0#0.162594823646#0.0#0.0#0.0#0.0#0.0#0.0#0.232785602245#0.0#0.0#0.0#0.151343281941#0.0#0.0896369936541#0.0#0.0#0.0#0.0#0.0#0.0#0.0#0.0#0.0#0.121705382324#0.0#0.0#0.0#0.0#0.0#0.0#0.0959480804617#0.0#0.0#0.0#0.0#0.0#0.0#0.0#0.177100583804#0.0#0.0#0.0#0.177100583804#0.0#0.0#0.0#0.0#0.0#0.0#0.0#0.0#0.0#0.0#0.0#0.0#0.0#0.0#0.0#0.177100583804#0.0#0.0#0.0#0.0#0.0#0.0#0.0#0.0#0.0#0.204639471229#0.0#0.0
安德烈-,安德烈/-,0.0#0.0#0.0#0.0#0.459112125082#0.0#0.0#0.0#0.0#0.0#0.0#0.0#0.0#0.0#0.0#0.0#0.0#0.0#0.0#0.0#0.0#0.0#0.0#0.0#0.0#0.0#0.0#0.0#0.0#0.0#0.0#0.0#0.0#0.0#0.0#0.0#0.0#0.0#0.0#0.0#0.0#0.0#0.0#0.0#0.0#0.0#0.0#0.0#0.0#0.0#0.0#0.0#0.0#0.0#0.0#0.0#0.0#0.0#0.0#0.0#0.0#0.0#0.0#0.0#0.0#0.0#0.0#0.0#0.0#0.0#0.0#0.0#0.0#0.0#0.0#0.0#0.0#0.0#0.0#0.0#0.0#0.0#0.0#0.0#0.0#0.0#0.0#0.0#0.0#0.0#0.0#0.0#0.0#0.0#0.0#0.0#0.0#0.0#0.0#0.0#0.0#0.0#0.0#0.0#0.0#0.0#0.0#0.0#0.0#0.0#0.0#0.0#0.0#0.0#0.0#0.0#0.0#0.0#0.0#0.0#0.0#0.0#0.0#0.0#0.0#0.0#0.0#0.0#0.0#0.0#0.0#0.0#0.0#0.0#0.0#0.0#0.0#0.0#0.0#0.0#0.0#0.0#0.0#0.0#0.888378329656#0.0#0.0#0.0#0.0#0.0#0.0#0.0#0.0#0.0#0.0#0.0#0.0#0.0#0.0#0.0#0.0#0.0#0.0#0.0#0.0#0.0#0.0#0.0#0.0#0.0#0.0#0.0#0.0#0.0#0.0#0.0#0.0#0.0#0.0#0.0#0.0#0.0#0.0#0.0#0.0#0.0#0.0#0.0#0.0#0.0#0.0#0.0#0.0#0.0#0.0#0.0#0.0#0.0#0.0#0.0#0.0#0.0#0.0#0.0#0.0#0.0#0.0#0.0#0.0#0.0#0.0#0.0#0.0#0.0#0.0#0.0#0.0#0.0#0.0#0.0#0.0#0.0#0.0#0.0#0.0#0.0#0.0#0.0#0.0#0.0#0.0#0.0#0.0#0.0#0.0#0.0#0.0#0.0#0.0#0.0#0.0#0.0#0.0#0.0#0.0#0.0#0.0#0.0#0.0#0.0#0.0#0.0#0.0#0.0#0.0#0.0#0.0#0.0#0.0#0.0#0.0#0.0#0.0#0.0#0.0#0.0#0.0#0.0#0.0#0.0#0.0#0.0#0.0#0.0#0.0#0.0#0.0#0.0#0.0#0.0#0.0#0.0#0.0#0.0#0.0#0.0#0.0#0.0#0.0#0.0#0.0#0.0#0.0#0.0#0.0#0.0#0.0#0.0#0.0#0.0#0.0
戈麦斯任意球吊入禁区，纳尼15米处回头望月的攻门稍稍偏出,戈麦斯/任意球/吊入/禁区/，/纳尼/15/米处/回头/望月/的/攻门/稍稍/偏出,0.0#0.0#0.0#0.0#0.0#0.0#0.0#0.0#0.0#0.0#0.0#0.0#0.0#0.0#0.0#0.24089449159#0.0#0.0#0.0#0.0#0.0#0.0#0.0#0.0#0.0#0.0#0.0#0.0#0.0#0.0#0.0#0.0#0.0#0.0#0.0#0.0#0.0#0.0#0.0#0.0#0.0#0.0#0.0#0.0#0.0#0.0#0.0#0.0#0.0#0.0#0.0#0.0#0.0#0.0#0.0#0.0#0.0#0.0#0.0#0.0#0.0#0.0#0.0#0.0#0.0#0.0#0.0#0.0#0.0#0.0#0.0#0.0#0.0#0.0#0.0#0.0#0.0#0.0#0.0#0.0#0.0#0.0#0.0#0.300123279545#0.0#0.0#0.0#0.0#0.256473700638#0.0#0.0#0.0#0.0#0.0#0.0#0.0#0.0#0.0#0.0#0.0#0.0#0.0#0.0#0.0#0.0#0.0#0.0#0.0#0.0#0.0#0.0#0.0#0.0#0.0#0.0#0.0#0.0#0.0#0.0#0.0#0.0#0.334769899462#0.0#0.0#0.0#0.0#0.0#0.0#0.334769899462#0.0#0.0#0.0#0.0#0.0#0.0#0.0#0.0#0.0#0.0#0.0#0.0#0.0#0.0#0.0#0.0#0.0#0.0#0.0#0.0#0.0#0.0#0.0#0.0#0.0#0.0#0.0#0.0#0.0#0.0#0.0#0.0#0.0#0.0#0.0#0.0#0.0#0.0#0.0#0.0#0.0#0.0#0.0#0.0#0.24089449159#0.0#0.0#0.0#0.0#0.0#0.0#0.0#0.0#0.0#0.0#0.0#0.0#0.0#0.0#0.0#0.0#0.0#0.0#0.0#0.334769899462#0.0#0.0#0.0#0.0#0.0#0.0#0.0#0.0#0.0#0.0#0.0#0.0#0.334769899462#0.0#0.0#0.0#0.0#0.0#0.0#0.0#0.0#0.0#0.0#0.0#0.0#0.0#0.0#0.0#0.0#0.0#0.0#0.0#0.0#0.0#0.0#0.0#0.0#0.0#0.0#0.0#0.0#0.0#0.0#0.197244912682#0.0#0.24089449159#0.275541111507#0.0#0.0#0.0#0.216312323551#0.0#0.216312323551#0.0#0.0#0.0#0.0#0.0#0.0#0.0#0.0#0.0#0.0#0.0#0.0#0.0#0.0#0.0#0.0#0.0#0.0#0.0#0.0#0.0#0.0#0.0#0.0#0.0#0.0#0.0#0.0#0.0#0.0#0.0#0.0#0.0#0.0#0.0#0.0#0.0#0.0#0.0#0.0#0.0#0.0#0.0#0.0#0.0#0.0#0.0#0.0#0.0#0.0#0.0#0.115597340055#0.0#0.0
第78分钟，替补出场的夸雷斯马禁区右肋右脚劲射，哈尔多松将球扑出底线,第/78/分钟/，/替补/出场/的/夸雷斯马/禁区/右肋/右脚/劲射/，/哈尔多松/将球/扑/出/底线,0.0#0.0#0.0#0.0#0.0#0.0#0.0#0.0#0.0#0.0#0.0#0.0#0.0#0.0#0.0#0.0#0.0#0.0#0.0#0.0#0.0#0.0#0.0#0.0#0.0#0.0#0.0#0.0#0.0#0.0#0.0#0.0#0.0#0.0#0.0#0.0#0.0#0.0#0.0#0.0#0.0#0.0#0.0#0.0#0.0#0.0#0.304889768406#0.0#0.0#0.0#0.0#0.0#0.0#0.0#0.0#0.0#0.0#0.0#0.0#0.0#0.0#0.0#0.0#0.0#0.0#0.0#0.0#0.0#0.0#0.0#0.0#0.0#0.0#0.0#0.0#0.0#0.0#0.0#0.0#0.0#0.0#0.0#0.0#0.0#0.0#0.0#0.0#0.0#0.0#0.0#0.0#0.0#0.0#0.0#0.0#0.0#0.0#0.0#0.0#0.2335819538#0.2335819538#0.0#0.143062930285#0.0#0.0#0.0#0.2335819538#0.0#0.0#0.0#0.0#0.0#0.0#0.0#0.0#0.0#0.0#0.273335557769#0.250947489033#0.0#0.0#0.0#0.0#0.0#0.0#0.0#0.0#0.207396924273#0.0#0.0#0.0#0.0#0.0#0.0#0.0#0.0#0.0#0.0#0.0#0.0#0.0#0.273335557769#0.0#0.0#0.0#0.0#0.0#0.0#0.0#0.273335557769#0.0#0.0#0.0#0.0#0.0#0.0#0.0#0.0#0.0#0.0#0.0#0.0#0.0#0.0#0.304889768406#0.0#0.0#0.0#0.0#0.0#0.0#0.0#0.0#0.0#0.0#0.0#0.0#0.0#0.0#0.250947489033#0.0#0.0#0.0#0.0#0.0#0.0#0.0#0.0#0.0#0.0#0.0#0.0#0.0#0.0#0.0#0.0#0.0#0.0#0.0#0.0#0.0#0.0#0.304889768406#0.0#0.0#0.0#0.0#0.0#0.0#0.0#0.0#0.0#0.0#0.0#0.0#0.0#0.0#0.0#0.0#0.0#0.0#0.0#0.0#0.0#0.0#0.0#0.0#0.0#0.0#0.0#0.0#0.0#0.0#0.0#0.0#0.0#0.0#0.179639674426#0.0#0.219393278396#0.0#0.0#0.0#0.138344985268#0.0#0.0#0.0#0.0#0.0#0.0#0.0#0.0#0.0#0.0#0.0#0.0#0.0#0.0#0.0#0.0#0.0#0.0#0.0#0.0#0.0#0.0#0.0#0.0#0.0#0.0#0.0#0.0#0.0#0.0#0.0#0.0#0.0#0.0#0.0#0.0#0.0#0.0#0.0#0.0#0.0#0.0#0.0#0.0#0.0#0.0#0.0#0.0#0.0#0.0#0.0#0.0#0.0#0.0#0.210559230649#0.0#0.0
第85分钟，纳尼右路传中，C罗小禁区线上头球被哈尔多松扑出,第/85/分钟/，/纳尼/右/路传中/，/C罗/小禁区/线上/头球/被/哈尔多松/扑/出,0.0#0.0#0.0#0.0#0.0#0.0#0.0#0.0#0.0#0.0#0.0#0.0#0.0#0.0#0.0#0.0#0.0#0.0#0.0#0.0#0.0#0.0#0.0#0.0#0.0#0.0#0.0#0.0#0.0#0.0#0.0#0.0#0.0#0.0#0.0#0.0#0.0#0.0#0.0#0.0#0.0#0.0#0.0#0.0#0.0#0.0#0.0#0.0#0.0#0.328733364156#0.0#0.0#0.0#0.0#0.0#0.0#0.0#0.193688213346#0.0#0.0#0.0#0.0#0.0#0.0#0.0#0.0#0.0#0.0#0.0#0.0#0.0#0.0#0.0#0.0#0.0#0.0#0.0#0.0#0.0#0.0#0.0#0.0#0.0#0.0#0.0#0.0#0.0#0.0#0.0#0.0#0.0#0.0#0.0#0.0#0.0#0.0#0.0#0.0#0.0#0.251848994081#0.0#0.0#0.154251021949#0.0#0.0#0.0#0.0#0.0#0.0#0.0#0.0#0.0#0.0#0.0#0.0#0.0#0.294711488413#0.0#0.0#0.0#0.0#0.0#0.0#0.0#0.0#0.0#0.0#0.223616190823#0.0#0.0#0.0#0.0#0.0#0.0#0.0#0.0#0.0#0.0#0.0#0.0#0.251848994081#0.0#0.0#0.0#0.0#0.0#0.0#0.0#0.0#0.0#0.294711488413#0.0#0.0#0.0#0.0#0.0#0.0#0.0#0.0#0.0#0.0#0.0#0.0#0.0#0.0#0.0#0.0#0.0#0.0#0.0#0.0#0.0#0.0#0.0#0.0#0.0#0.0#0.0#0.0#0.27057258342#0.0#0.0#0.0#0.0#0.0#0.0#0.0#0.0#0.0#0.0#0.0#0.0#0.0#0.0#0.0#0.0#0.0#0.0#0.0#0.0#0.0#0.0#0.0#0.0#0.0#0.0#0.0#0.0#0.0#0.0#0.0#0.0#0.0#0.0#0.0#0.0#0.0#0.0#0.0#0.0#0.0#0.0#0.0#0.0#0.0#0.0#0.0#0.0#0.0#0.0#0.0#0.0#0.0#0.0#0.0#0.0#0.0#0.0#0.0#0.0#0.0#0.0#0.0#0.149164114817#0.0#0.0#0.212411802685#0.0#0.294711488413#0.0#0.0#0.0#0.0#0.202528831935#0.0#0.0#0.0#0.0#0.0#0.0#0.0#0.0#0.27057258342#0.0#0.0#0.0#0.0#0.0#0.0#0.0#0.0#0.0#0.0#0.0#0.0#0.294711488413#0.0#0.0#0.0#0.0#0.0#0.0#0.0#0.0#0.0#0.0#0.0#0.0#0.0#0.0#0.0#0.0#0.0#0.0#0.0#0.0#0.0#0.0#0.227025802168#0.0#0.0
第93分钟，C罗33米处任意球打在芬博加松手臂上，葡萄牙再次获得任意球，C罗25米处右脚任意球再次击中人墙，全场比赛结束，葡萄牙和冰岛战成1-1平,第/93/分钟/，/C罗/33/米处/任意球/打/在/芬博加松/手臂/上/，/葡萄牙/再次/获得/任意球/，/C罗/25/米处/右脚/任意球/再次/击中/人墙/，/全场/比赛/结束/，/葡萄牙/和/冰岛/战成/1/-/1/平,0.0#0.0#0.0#0.0#0.069014395572#0.0#0.0#0.199918022708#0.0#0.0#0.0#0.0#0.0#0.0#0.0#0.0#0.0#0.0#0.0#0.0#0.0#0.0#0.0#0.0#0.0#0.0#0.0#0.145456173992#0.0#0.0#0.0#0.0#0.162247823019#0.0#0.0#0.0#0.0#0.0#0.0#0.0#0.0#0.0#0.0#0.0#0.0#0.0#0.0#0.0#0.0#0.0#0.0#0.0#0.0#0.162247823019#0.0#0.0#0.0#0.191191368972#0.0#0.0#0.0#0.0#0.0#0.0#0.116750660381#0.0#0.0#0.0#0.0#0.0#0.0#0.0#0.0#0.0#0.0#0.0#0.0#0.0#0.0#0.0#0.162247823019#0.0#0.0#0.436368521977#0.0#0.0#0.0#0.0#0.0#0.0#0.0#0.0#0.162247823019#0.0#0.0#0.324495646039#0.0955956844858#0.0#0.0#0.0#0.0#0.162247823019#0.0761312821839#0.0#0.0#0.0#0.0#0.0#0.0#0.0#0.0#0.0#0.0#0.0#0.0#0.0#0.0#0.0#0.133542309407#0.0#0.0#0.0#0.0#0.0#0.0#0.0#0.162247823019#0.0#0.0#0.0#0.0#0.0#0.124301198098#0.0#0.0#0.0#0.0#0.0#0.0#0.0#0.0#0.0#0.0#0.0#0.0#0.0#0.0#0.0#0.0#0.0#0.0#0.0#0.0#0.0#0.0#0.0#0.0#0.0#0.0#0.162247823019#0.0#0.0#0.0#0.0#0.0#0.0#0.0#0.0#0.0#0.0#0.0#0.0#0.0#0.0#0.0#0.0#0.0#0.162247823019#0.162247823019#0.0#0.124301198098#0.0#0.0#0.0#0.0#0.0#0.0#0.0#0.0#0.0#0.0#0.0#0.0#0.0#0.0#0.0#0.0#0.0#0.0#0.0#0.0#0.0#0.0#0.0#0.0#0.0#0.0#0.0#0.0#0.0#0.0#0.0#0.0#0.0#0.0#0.0#0.0#0.0#0.0#0.0#0.0#0.145456173992#0.0#0.0#0.0#0.0#0.0#0.0#0.0#0.0#0.0#0.0#0.0#0.0#0.0#0.0#0.0#0.0#0.0#0.0#0.0#0.0#0.0#0.0736206164038#0.209673591591#0.0#0.0#0.0#0.0#0.0#0.162247823019#0.0#0.0#0.199918022708#0.0#0.0#0.145456173992#0.0#0.162247823019#0.0#0.157608070918#0.0#0.0#0.0#0.0#0.0#0.0#0.0#0.0#0.0#0.0#0.0#0.0#0.0#0.0#0.0#0.0#0.0#0.0#0.0#0.0#0.0#0.0#0.0#0.0#0.0#0.0#0.0#0.0#0.0#0.0#0.0#0.0#0.0#0.0#0.0#0.0#0.0#0.280124001602#0.0#0.0
葡萄牙(4312):1-帕特里西奥/11-维埃里尼亚、3-佩佩、6-卡瓦略、5-格雷罗/13-达尼洛、15-安德烈-戈麦斯(89',葡萄牙/(/4312/)/:/1/-/帕特里西奥///11/-/维埃里尼亚/、/3/-/佩佩/、/6/-/卡瓦略/、/5/-/格雷罗///13/-/达尼/洛/、/15/-/安德烈/-/戈麦斯/(/89/',0.119848655999#0.205222876285#0.0940804833798#0.0#0.566765620128#0.215237310596#0.0#0.102611438142#0.0#0.149315874556#0.0#0.0#0.0#0.149315874556#0.0#0.119848655999#0.0#0.0#0.0#0.0#0.0#0.0#0.0#0.0#0.0#0.0#0.0#0.0#0.0#0.119848655999#0.0#0.0#0.0#0.0#0.0#0.166553092413#0.0#0.0#0.149315874556#0.0#0.0#0.107618655298#0.0#0.0#0.0#0.0#0.0#0.0#0.0#0.0#0.166553092413#0.0#0.0#0.0#0.0#0.149315874556#0.0#0.0#0.0#0.0#0.0#0.0#0.41044575257#0.0#0.0#0.0#0.0#0.0#0.0#0.0#0.0#0.0#0.0#0.0#0.0#0.0#0.0#0.0#0.0#0.0#0.0#0.0#0.0#0.0#0.0#0.0#0.0#0.137085873855#0.0#0.0#0.0#0.0#0.0#0.0#0.0#0.0#0.0#0.0#0.0#0.0#0.0#0.0#0.0#0.0#0.0#0.0#0.0#0.0#0.0#0.149315874556#0.0#0.0#0.0#0.0#0.0#0.0#0.0#0.0#0.0#0.0#0.0#0.0#0.0#0.0#0.0#0.0#0.0#0.0#0.0#0.0#0.0#0.0#0.0#0.0#0.0#0.0#0.0#0.0#0.0#0.0#0.0#0.0#0.0#0.0#0.137085873855#0.0#0.0#0.0#0.0#0.0#0.0#0.0#0.0#0.0#0.0#0.0#0.0#0.0#0.149315874556#0.0#0.0#0.0#0.0#0.0#0.0#0.0#0.0#0.0#0.0#0.0#0.0#0.0#0.0#0.119848655999#0.0#0.0#0.0#0.0#0.0#0.0#0.0#0.0#0.0#0.0#0.0#0.0#0.0#0.0#0.0#0.0#0.0#0.0#0.0#0.0#0.0#0.0#0.0#0.0#0.0#0.0#0.0#0.0#0.0#0.0#0.0#0.0#0.0#0.0#0.0#0.0#0.149315874556#0.0#0.0#0.0#0.0#0.0#0.0#0.0#0.0#0.0#0.0#0.0#0.0#0.0#0.166553092413#0.0#0.0#0.0#0.0#0.0#0.0#0.0#0.0#0.0#0.0#0.0#0.0#0.0#0.0#0.0#0.0#0.0#0.0#0.0#0.0#0.0#0.0#0.0#0.0#0.0#0.0#0.149315874556#0.0#0.0#0.0#0.0#0.0#0.0#0.0#0.0#0.08089511191#0.0#0.0#0.0#0.0#0.0#0.0#0.0#0.0#0.0#0.0#0.0#0.0#0.0#0.0#0.0#0.0#0.166553092413#0.0#0.0#0.0#0.0#0.0#0.0#0.0#0.0#0.0#0.0#0.0#0.0#0.0#0.0#0.0#0.0#0.0#0.0#0.0#0.0#0.0#0.0#0.0
9-埃德尔)、10-若奥-马里奥(76',9/-/埃德尔/)/、/10/-/若奥/-/马里奥/(/76/',0.24213318924#0.207308413789#0.190073115932#0.0#0.429393949006#0.0#0.0#0.0#0.301666536092#0.0#0.0#0.0#0.0#0.0#0.0#0.0#0.0#0.0#0.0#0.0#0.0#0.0#0.0#0.0#0.0#0.0#0.0#0.0#0.0#0.0#0.0#0.0#0.0#0.0#0.0#0.0#0.0#0.0#0.0#0.0#0.0#0.0#0.0#0.0#0.0#0.336491311542#0.0#0.0#0.0#0.0#0.0#0.301666536092#0.0#0.0#0.0#0.0#0.0#0.0#0.0#0.0#0.0#0.0#0.207308413789#0.0#0.0#0.0#0.0#0.0#0.0#0.0#0.0#0.0#0.0#0.0#0.0#0.0#0.0#0.0#0.0#0.0#0.0#0.0#0.0#0.0#0.0#0.0#0.0#0.0#0.0#0.0#0.0#0.0#0.0#0.0#0.0#0.0#0.0#0.0#0.0#0.0#0.0#0.0#0.0#0.0#0.0#0.0#0.0#0.0#0.0#0.0#0.0#0.0#0.0#0.0#0.0#0.0#0.0#0.0#0.0#0.0#0.0#0.0#0.0#0.0#0.0#0.0#0.0#0.0#0.0#0.0#0.0#0.0#0.0#0.0#0.336491311542#0.0#0.0#0.0#0.0#0.0#0.0#0.0#0.0#0.0#0.0#0.0#0.0#0.0#0.0#0.0#0.0#0.0#0.0#0.0#0.0#0.0#0.0#0.0#0.0#0.0#0.0#0.0#0.0#0.0#0.0#0.0#0.0#0.0#0.0#0.0#0.0#0.0#0.0#0.0#0.0#0.0#0.0#0.0#0.0#0.0#0.0#0.0#0.0#0.0#0.0#0.0#0.0#0.0#0.0#0.0#0.0#0.0#0.0#0.0#0.0#0.0#0.0#0.0#0.0#0.0#0.0#0.0#0.0#0.0#0.0#0.0#0.0#0.0#0.0#0.0#0.0#0.0#0.0#0.0#0.0#0.0#0.0#0.0#0.0#0.0#0.0#0.0#0.0#0.0#0.0#0.0#0.0#0.0#0.0#0.0#0.0#0.0#0.0#0.0#0.0#0.0#0.0#0.0#0.0#0.0#0.0#0.0#0.0#0.0#0.0#0.0#0.0#0.0#0.0#0.0#0.0#0.0#0.0#0.0#0.0#0.0#0.0#0.336491311542#0.0#0.0#0.0#0.0#0.0#0.0#0.0#0.0#0.0#0.0#0.0#0.0#0.0#0.0#0.0#0.0#0.0#0.0#0.0#0.0#0.0#0.0#0.0#0.0#0.0#0.0#0.0#0.0#0.0#0.0#0.0#0.0#0.0#0.0#0.0#0.0#0.0#0.0#0.336491311542#0.0#0.0#0.0#0.0
20-夸雷斯马)/8-穆蒂尼奥(71',20/-/夸雷斯马/)///8/-/穆蒂尼奥/(/71/',0.291272502758#0.249380271729#0.228647185288#0.0#0.344357721987#0.261549491823#0.0#0.0#0.0#0.0#0.0#0.0#0.0#0.0#0.0#0.0#0.0#0.0#0.0#0.0#0.0#0.404779975752#0.0#0.0#0.0#0.0#0.0#0.0#0.0#0.0#0.0#0.0#0.0#0.0#0.0#0.0#0.0#0.0#0.0#0.0#0.0#0.0#0.0#0.0#0.333164733788#0.0#0.0#0.333164733788#0.0#0.0#0.0#0.0#0.0#0.0#0.0#0.0#0.0#0.0#0.0#0.0#0.0#0.0#0.0#0.0#0.0#0.0#0.0#0.0#0.0#0.0#0.0#0.0#0.0#0.0#0.0#0.0#0.0#0.0#0.0#0.0#0.0#0.0#0.0#0.0#0.0#0.0#0.0#0.0#0.0#0.0#0.0#0.0#0.0#0.0#0.0#0.0#0.0#0.0#0.0#0.0#0.0#0.0#0.0#0.0#0.0#0.0#0.0#0.0#0.0#0.0#0.0#0.0#0.0#0.0#0.0#0.0#0.0#0.0#0.0#0.0#0.0#0.0#0.0#0.0#0.0#0.0#0.0#0.0#0.0#0.0#0.0#0.0#0.0#0.0#0.0#0.0#0.0#0.0#0.0#0.0#0.0#0.362887744723#0.0#0.0#0.0#0.0#0.0#0.0#0.0#0.0#0.0#0.0#0.0#0.0#0.0#0.0#0.0#0.0#0.0#0.0#0.0#0.0#0.0#0.0#0.0#0.0#0.0#0.0#0.0#0.0#0.0#0.0#0.0#0.0#0.0#0.0#0.0#0.0#0.0#0.0#0.0#0.0#0.0#0.0#0.0#0.0#0.0#0.0#0.0#0.0#0.0#0.0#0.0#0.0#0.0#0.0#0.0#0.0#0.0#0.0#0.0#0.0#0.0#0.0#0.0#0.0#0.0#0.0#0.0#0.0#0.0#0.0#0.0#0.0#0.0#0.0#0.0#0.0#0.0#0.0#0.0#0.0#0.0#0.0#0.0#0.0#0.0#0.0#0.0#0.0#0.0#0.0#0.0#0.0#0.0#0.0#0.0#0.0#0.0#0.0#0.0#0.310109775377#0.0#0.0#0.0#0.0#0.0#0.0#0.0#0.0#0.0#0.0#0.0#0.0#0.0#0.0#0.0#0.0#0.0#0.0#0.0#0.0#0.0#0.0#0.0#0.0#0.0#0.0#0.0#0.0#0.0#0.0#0.0#0.0#0.0#0.0#0.0#0.0#0.0#0.0#0.0#0.0#0.0#0.0#0.0#0.0#0.0#0.0#0.0#0.0#0.0#0.0#0.0#0.0#0.0#0.0#0.0#0.0#0.0#0.0#0.0
16-桑谢斯)/17-纳尼、7-C罗,16/-/桑谢斯/)///17/-/纳尼/、/7/-/C罗,0.0#0.0#0.2127803827#0.0#0.48069190822#0.243399457968#0.0#0.0#0.0#0.0#0.0#0.0#0.0#0.0#0.0#0.0#0.376690568227#0.310045013098#0.0#0.0#0.0#0.0#0.0#0.0#0.0#0.0#0.0#0.0#0.0#0.0#0.0#0.0#0.0#0.0#0.0#0.0#0.0#0.0#0.0#0.0#0.0#0.0#0.0#0.337705417637#0.0#0.0#0.0#0.0#0.0#0.0#0.0#0.0#0.0#0.0#0.0#0.0#0.0#0.221944381373#0.0#0.0#0.0#0.0#0.232074711917#0.0#0.0#0.0#0.0#0.0#0.0#0.0#0.0#0.0#0.0#0.0#0.0#0.0#0.0#0.0#0.0#0.0#0.0#0.0#0.0#0.0#0.0#0.0#0.0#0.0#0.0#0.0#0.0#0.0#0.0#0.0#0.0#0.0#0.0#0.0#0.0#0.0#0.0#0.0#0.0#0.0#0.0#0.0#0.0#0.0#0.0#0.0#0.0#0.0#0.0#0.0#0.0#0.0#0.0#0.0#0.0#0.0#0.0#0.0#0.0#0.0#0.0#0.0#0.0#0.0#0.0#0.0#0.0#0.0#0.0#0.0#0.0#0.0#0.0#0.0#0.0#0.0#0.0#0.0#0.0#0.0#0.0#0.0#0.0#0.0#0.0#0.0#0.0#0.0#0.0#0.0#0.0#0.0#0.0#0.0#0.0#0.0#0.0#0.0#0.0#0.0#0.0#0.0#0.0#0.0#0.0#0.0#0.0#0.0#0.0#0.0#0.0#0.0#0.0#0.0#0.0#0.0#0.0#0.0#0.0#0.0#0.0#0.0#0.0#0.0#0.0#0.0#0.0#0.0#0.0#0.0#0.0#0.0#0.0#0.0#0.0#0.0#0.0#0.0#0.0#0.0#0.0#0.0#0.0#0.0#0.0#0.0#0.0#0.0#0.310045013098#0.0#0.0#0.0#0.0#0.0#0.0#0.0#0.0#0.0#0.0#0.0#0.0#0.0#0.0#0.0#0.0#0.0#0.0#0.0#0.0#0.0#0.0#0.0#0.0#0.0#0.0#0.0#0.0#0.0#0.0#0.0#0.0#0.0#0.243399457968#0.0#0.0#0.0#0.0#0.0#0.0#0.232074711917#0.0#0.0#0.0#0.0#0.0#0.0#0.0#0.0#0.0#0.0#0.0#0.0#0.0#0.0#0.0#0.0#0.0#0.0#0.0#0.0#0.0#0.0#0.0#0.0#0.0#0.0#0.0#0.0#0.0#0.0#0.0#0.0#0.0#0.0#0.0#0.0#0.0#0.0#0.0#0.0#0.0#0.0#0.0#0.0#0.0#0.0#0.0
冰岛(442):1-哈尔多松/2-赛瓦尔松、6-R-西于尔兹松、14-奥德纳松、23-斯库拉松/7-格维兹门松(91',冰岛/(/442/)/:/1/-/哈尔多松///2/-/赛瓦尔松/、/6/-/R/-/西于尔兹松/、/14/-/奥德/纳松/、/23/-/斯库拉松///7/-/格维兹门松/(/91/',0.130945974142#0.224225371802#0.102791812234#0.0#0.541839340348#0.235167086963#0.0#0.112112685901#0.0#0.0#0.0#0.0#0.0#0.0#0.163141693043#0.0#0.0#0.0#0.0#0.0#0.149779262383#0.0#0.0#0.0#0.0#0.0#0.181974981284#0.0#0.0#0.0#0.0#0.0#0.0#0.0#0.0#0.0#0.181974981284#0.0#0.0#0.0#0.0#0.117583543482#0.0#0.163141693043#0.0#0.0#0.0#0.0#0.0#0.0#0.0#0.0#0.181974981284#0.0#0.0#0.163141693043#0.0#0.0#0.0#0.0#0.149779262383#0.0#0.336338057702#0.0#0.0#0.0#0.0#0.0#0.0#0.0#0.0#0.0#0.0#0.0#0.0#0.0#0.0#0.0#0.0#0.0#0.0#0.0#0.0#0.0#0.0#0.0#0.0#0.0#0.0#0.0#0.0#0.0#0.0#0.0#0.0#0.0#0.107218837032#0.0#0.0#0.0#0.0#0.0#0.0#0.0#0.0#0.0#0.0#0.0#0.0#0.0#0.0#0.0#0.0#0.0#0.0#0.0#0.0#0.0#0.0#0.0#0.0#0.0#0.0#0.0#0.0#0.0#0.0#0.123785890259#0.0#0.0#0.0#0.0#0.0#0.0#0.0#0.0#0.0#0.0#0.0#0.0#0.0#0.0#0.0#0.181974981284#0.0#0.0#0.0#0.0#0.0#0.0#0.0#0.0#0.0#0.0#0.0#0.0#0.0#0.0#0.0#0.0#0.0#0.0#0.0#0.0#0.0#0.0#0.0#0.0#0.0#0.0#0.0#0.0#0.0#0.0#0.0#0.0#0.0#0.0#0.0#0.0#0.0#0.0#0.0#0.0#0.0#0.0#0.0#0.0#0.0#0.0#0.0#0.0#0.0#0.0#0.181974981284#0.0#0.0#0.0#0.0#0.0#0.0#0.0#0.0#0.0#0.0#0.0#0.0#0.0#0.0#0.181974981284#0.0#0.0#0.0#0.0#0.0#0.0#0.0#0.0#0.0#0.0#0.0#0.0#0.0#0.0#0.0#0.0#0.0#0.0#0.0#0.0#0.0#0.0#0.0#0.0#0.0#0.0#0.0#0.0#0.0#0.0#0.0#0.0#0.0#0.0#0.0#0.0#0.0#0.181974981284#0.0#0.0#0.0#0.0#0.0#0.0#0.0#0.0#0.0#0.0#0.0#0.0#0.0#0.0#0.0#0.130945974142#0.0#0.0#0.0#0.0#0.0#0.0#0.0#0.181974981284#0.0#0.0#0.0#0.0#0.0#0.0#0.0#0.0#0.0#0.0#0.0#0.0#0.0#0.0#0.0#0.0#0.0#0.0#0.0#0.0#0.0#0.0#0.0#0.0#0.0#0.0#0.0#0.0#0.0
18-T-比亚尔纳松)、10-西于尔兹松、17-贡纳松、8-比亚尔纳松/9-西格索尔松(81',18/-/T/-/比亚尔纳松/)/、/10/-/西于尔兹松/、/17/-/贡纳松/、/8/-/比亚尔纳松///9/-/西格索尔松/(/81/',0.153175280899#0.131144865413#0.120241686055#0.0#0.543275698484#0.137544452358#0.0#0.0#0.190836524925#0.0#0.0#0.0#0.0#0.0#0.0#0.0#0.0#0.175205696385#0.175205696385#0.0#0.0#0.0#0.0#0.0#0.0#0.0#0.0#0.0#0.0#0.0#0.0#0.0#0.0#0.0#0.0#0.0#0.0#0.0#0.0#0.0#0.0#0.0#0.0#0.0#0.0#0.0#0.0#0.175205696385#0.212866940411#0.0#0.0#0.190836524925#0.0#0.0#0.0#0.0#0.0#0.0#0.0#0.0#0.0#0.212866940411#0.393434596238#0.0#0.0#0.0#0.0#0.0#0.0#0.0#0.0#0.0#0.0#0.0#0.0#0.0#0.0#0.0#0.0#0.0#0.0#0.0#0.0#0.0#0.0#0.0#0.0#0.0#0.0#0.0#0.0#0.0#0.0#0.0#0.0#0.0#0.0#0.0#0.0#0.0#0.0#0.0#0.0#0.0#0.0#0.0#0.0#0.0#0.0#0.0#0.0#0.0#0.0#0.0#0.0#0.0#0.0#0.0#0.0#0.0#0.0#0.0#0.0#0.0#0.0#0.0#0.0#0.0#0.0#0.0#0.0#0.0#0.0#0.0#0.0#0.0#0.0#0.0#0.0#0.0#0.0#0.0#0.0#0.0#0.0#0.0#0.0#0.0#0.0#0.0#0.0#0.0#0.0#0.0#0.0#0.0#0.0#0.0#0.0#0.0#0.0#0.0#0.0#0.0#0.0#0.0#0.0#0.0#0.0#0.0#0.0#0.0#0.0#0.0#0.0#0.0#0.0#0.0#0.0#0.0#0.0#0.0#0.0#0.0#0.0#0.0#0.0#0.0#0.0#0.0#0.0#0.0#0.0#0.0#0.0#0.0#0.0#0.0#0.0#0.0#0.0#0.0#0.0#0.0#0.0#0.0#0.0#0.0#0.0#0.0#0.0#0.0#0.0#0.0#0.0#0.0#0.0#0.0#0.0#0.326162967688#0.0#0.0#0.0#0.0#0.0#0.0#0.0#0.0#0.0#0.0#0.0#0.0#0.0#0.0#0.0#0.0#0.0#0.0#0.0#0.0#0.0#0.0#0.0#0.0#0.0#0.0#0.0#0.0#0.0#0.0#0.0#0.0#0.0#0.0#0.0#0.0#0.0#0.0#0.0#0.0#0.0#0.0#0.0#0.153175280899#0.212866940411#0.0#0.0#0.0#0.0#0.212866940411#0.0#0.0#0.0#0.0#0.0#0.0#0.0#0.0#0.0#0.0#0.0#0.0#0.0#0.0#0.0#0.0#0.0#0.0#0.0#0.0#0.0#0.0#0.0#0.0#0.0#0.0#0.0#0.0#0.0#0.0#0.0
11-芬博加松)、15-博德瓦尔松,11/-/芬博加松/)/、/15/-/博/德瓦尔/松,0.0#0.0#0.220752160273#0.0#0.332467294271#0.0#0.0#0.0#0.0#0.350357488474#0.0#0.0#0.0#0.0#0.0#0.281215069983#0.0#0.0#0.0#0.0#0.0#0.0#0.0#0.0#0.0#0.0#0.0#0.0#0.0#0.0#0.0#0.0#0.0#0.0#0.0#0.0#0.0#0.0#0.0#0.0#0.0#0.0#0.0#0.0#0.0#0.0#0.0#0.0#0.0#0.0#0.0#0.0#0.0#0.0#0.0#0.0#0.0#0.0#0.0#0.0#0.0#0.0#0.240769347956#0.0#0.0#0.0#0.0#0.0#0.0#0.0#0.0#0.0#0.0#0.0#0.0#0.0#0.0#0.0#0.0#0.0#0.0#0.0#0.0#0.0#0.0#0.0#0.0#0.0#0.0#0.0#0.0#0.0#0.0#0.0#0.0#0.0#0.0#0.0#0.0#0.0#0.0#0.0#0.0#0.0#0.0#0.0#0.0#0.0#0.390803210501#0.0#0.0#0.0#0.0#0.0#0.0#0.0#0.0#0.0#0.0#0.0#0.0#0.0#0.0#0.0#0.0#0.0#0.0#0.0#0.0#0.0#0.0#0.0#0.0#0.0#0.0#0.0#0.0#0.0#0.0#0.0#0.0#0.0#0.0#0.0#0.0#0.0#0.0#0.0#0.0#0.0#0.0#0.0#0.0#0.0#0.0#0.0#0.0#0.0#0.0#0.0#0.0#0.0#0.0#0.0#0.0#0.0#0.0#0.0#0.0#0.0#0.0#0.390803210501#0.0#0.0#0.0#0.0#0.0#0.0#0.0#0.0#0.0#0.0#0.0#0.0#0.0#0.0#0.0#0.0#0.0#0.0#0.0#0.0#0.0#0.0#0.0#0.0#0.0#0.0#0.0#0.0#0.0#0.0#0.0#0.0#0.0#0.0#0.0#0.0#0.390803210501#0.0#0.0#0.0#0.0#0.0#0.0#0.0#0.0#0.0#0.0#0.0#0.0#0.0#0.0#0.0#0.0#0.0#0.0#0.0#0.0#0.0#0.0#0.0#0.0#0.0#0.0#0.0#0.0#0.0#0.0#0.0#0.0#0.0#0.0#0.0#0.0#0.0#0.0#0.0#0.0#0.0#0.0#0.0#0.0#0.0#0.0#0.0#0.350357488474#0.0#0.0#0.0#0.0#0.0#0.0#0.0#0.0#0.0#0.0#0.0#0.0#0.0#0.0#0.0#0.0#0.0#0.0#0.0#0.0#0.0#0.0#0.0#0.0#0.0#0.0#0.0#0.0#0.0#0.0#0.0#0.0#0.0#0.0#0.0#0.0#0.0#0.0#0.0#0.0#0.0#0.0#0.0#0.0
